class,test_class,model,run,eo_test_count,package,eo_line_coverage_score,eo_mutation_coverage_score,eo_test_strength_score,eo_line_coverage,eo_mutation_coverage,eo_test_strength,mvn_pit_command,mvn_pit_status
BaseSettings,BaseSettings_ESTest_run_01_identical_5_ocra_407884306_EOTest,ocra,run_01,4,org.bytedeco.javacv,100,27,27,23/23,4/15,4/15,"mvn test-compile org.pitest:pitest-maven:mutationCoverage -DtargetClasses=org.bytedeco.javacv.BaseSettings -DtargetTests=org.bytedeco.javacv.BaseSettings_ESTest_run_01_identical_5_ocra_4510416988_EOTest,org.bytedeco.javacv.BaseSettings_ESTest_run_01_identical_5_ocra_499099511_EOTest,org.bytedeco.javacv.BaseSettings_ESTest_run_01_identical_5_ocra_474586044_EOTest,org.bytedeco.javacv.BaseSettings_ESTest_run_01_identical_5_ocra_407884306_EOTest",True
BaseSettings,BaseSettings_ESTest_run_02_identical_5_ocra_438657757_EOTest,ocra,run_02,1,org.bytedeco.javacv,61,13,22,14/23,2/15,2/9,mvn test-compile org.pitest:pitest-maven:mutationCoverage -DtargetClasses=org.bytedeco.javacv.BaseSettings -DtargetTests=org.bytedeco.javacv.BaseSettings_ESTest_run_02_identical_5_ocra_438657757_EOTest,True
BaseSettings,BaseSettings_ESTest_run_03_identical_5_ocra_404612585_EOTest,ocra,run_03,2,org.bytedeco.javacv,96,20,20,22/23,3/15,3/15,"mvn test-compile org.pitest:pitest-maven:mutationCoverage -DtargetClasses=org.bytedeco.javacv.BaseSettings -DtargetTests=org.bytedeco.javacv.BaseSettings_ESTest_run_03_identical_5_ocra_426665955_EOTest,org.bytedeco.javacv.BaseSettings_ESTest_run_03_identical_5_ocra_404612585_EOTest",True
BaseSettings,BaseSettings_ESTest_run_01_identical_5_mpt_411584633_EOTest,mpt,run_01,3,org.bytedeco.javacv,91,13,13,21/23,2/15,2/15,"mvn test-compile org.pitest:pitest-maven:mutationCoverage -DtargetClasses=org.bytedeco.javacv.BaseSettings -DtargetTests=org.bytedeco.javacv.BaseSettings_ESTest_run_01_identical_5_mpt_44818247_EOTest,org.bytedeco.javacv.BaseSettings_ESTest_run_01_identical_5_mpt_3714423583_EOTest,org.bytedeco.javacv.BaseSettings_ESTest_run_01_identical_5_mpt_411584633_EOTest",True
BaseSettings,BaseSettings_ESTest_run_02_identical_5_mpt_4110793251_EOTest,mpt,run_02,3,org.bytedeco.javacv,96,13,13,22/23,2/15,2/15,"mvn test-compile org.pitest:pitest-maven:mutationCoverage -DtargetClasses=org.bytedeco.javacv.BaseSettings -DtargetTests=org.bytedeco.javacv.BaseSettings_ESTest_run_02_identical_5_mpt_4410709745_EOTest,org.bytedeco.javacv.BaseSettings_ESTest_run_02_identical_5_mpt_436331725_EOTest,org.bytedeco.javacv.BaseSettings_ESTest_run_02_identical_5_mpt_4110793251_EOTest",True
BaseSettings,BaseSettings_ESTest_run_03_identical_5_mpt_441291563_EOTest,mpt,run_03,2,org.bytedeco.javacv,91,13,13,21/23,2/15,2/15,"mvn test-compile org.pitest:pitest-maven:mutationCoverage -DtargetClasses=org.bytedeco.javacv.BaseSettings -DtargetTests=org.bytedeco.javacv.BaseSettings_ESTest_run_03_identical_5_mpt_413368724_EOTest,org.bytedeco.javacv.BaseSettings_ESTest_run_03_identical_5_mpt_441291563_EOTest",True
BaseSettings,BaseSettings_ESTest_run_01_identical_5_nous_428578245_EOTest,nous,run_01,3,org.bytedeco.javacv,96,33,33,22/23,5/15,5/15,"mvn test-compile org.pitest:pitest-maven:mutationCoverage -DtargetClasses=org.bytedeco.javacv.BaseSettings -DtargetTests=org.bytedeco.javacv.BaseSettings_ESTest_run_01_identical_5_nous_432401257_EOTest,org.bytedeco.javacv.BaseSettings_ESTest_run_01_identical_5_nous_443345005_EOTest,org.bytedeco.javacv.BaseSettings_ESTest_run_01_identical_5_nous_428578245_EOTest",True
BaseSettings,BaseSettings_ESTest_run_02_identical_5_nous_5014130655_EOTest,nous,run_02,5,org.bytedeco.javacv,100,40,40,23/23,6/15,6/15,"mvn test-compile org.pitest:pitest-maven:mutationCoverage -DtargetClasses=org.bytedeco.javacv.BaseSettings -DtargetTests=org.bytedeco.javacv.BaseSettings_ESTest_run_02_identical_5_nous_406414742_EOTest,org.bytedeco.javacv.BaseSettings_ESTest_run_02_identical_5_nous_48479106_EOTest,org.bytedeco.javacv.BaseSettings_ESTest_run_02_identical_5_nous_423624592_EOTest,org.bytedeco.javacv.BaseSettings_ESTest_run_02_identical_5_nous_438088289_EOTest,org.bytedeco.javacv.BaseSettings_ESTest_run_02_identical_5_nous_5014130655_EOTest",True
BaseSettings,BaseSettings_ESTest_run_03_identical_5_nous_5011376068_EOTest,nous,run_03,4,org.bytedeco.javacv,100,40,40,23/23,6/15,6/15,"mvn test-compile org.pitest:pitest-maven:mutationCoverage -DtargetClasses=org.bytedeco.javacv.BaseSettings -DtargetTests=org.bytedeco.javacv.BaseSettings_ESTest_run_03_identical_5_nous_4216445086_EOTest,org.bytedeco.javacv.BaseSettings_ESTest_run_03_identical_5_nous_43201786_EOTest,org.bytedeco.javacv.BaseSettings_ESTest_run_03_identical_5_nous_405434643_EOTest,org.bytedeco.javacv.BaseSettings_ESTest_run_03_identical_5_nous_5011376068_EOTest",True
BaseSettings,BaseSettings_ESTest_run_03_identical_5_nous_5011376068_EOTest,vicuna,run_01,0,org.bytedeco.javacv,0,0,0,0,0,0,"mvn test-compile org.pitest:pitest-maven:mutationCoverage -DtargetClasses=org.bytedeco.javacv.BaseSettings -DtargetTests=org.bytedeco.javacv.BaseSettings_ESTest_run_03_identical_5_nous_4216445086_EOTest,org.bytedeco.javacv.BaseSettings_ESTest_run_03_identical_5_nous_43201786_EOTest,org.bytedeco.javacv.BaseSettings_ESTest_run_03_identical_5_nous_405434643_EOTest,org.bytedeco.javacv.BaseSettings_ESTest_run_03_identical_5_nous_5011376068_EOTest",False
BaseSettings,BaseSettings_ESTest_run_03_identical_5_nous_5011376068_EOTest,vicuna,run_02,0,org.bytedeco.javacv,0,0,0,0,0,0,"mvn test-compile org.pitest:pitest-maven:mutationCoverage -DtargetClasses=org.bytedeco.javacv.BaseSettings -DtargetTests=org.bytedeco.javacv.BaseSettings_ESTest_run_03_identical_5_nous_4216445086_EOTest,org.bytedeco.javacv.BaseSettings_ESTest_run_03_identical_5_nous_43201786_EOTest,org.bytedeco.javacv.BaseSettings_ESTest_run_03_identical_5_nous_405434643_EOTest,org.bytedeco.javacv.BaseSettings_ESTest_run_03_identical_5_nous_5011376068_EOTest",False
BaseSettings,BaseSettings_ESTest_run_03_identical_5_nous_5011376068_EOTest,vicuna,run_03,0,org.bytedeco.javacv,0,0,0,0,0,0,"mvn test-compile org.pitest:pitest-maven:mutationCoverage -DtargetClasses=org.bytedeco.javacv.BaseSettings -DtargetTests=org.bytedeco.javacv.BaseSettings_ESTest_run_03_identical_5_nous_4216445086_EOTest,org.bytedeco.javacv.BaseSettings_ESTest_run_03_identical_5_nous_43201786_EOTest,org.bytedeco.javacv.BaseSettings_ESTest_run_03_identical_5_nous_405434643_EOTest,org.bytedeco.javacv.BaseSettings_ESTest_run_03_identical_5_nous_5011376068_EOTest",False
BaseSettings,BaseSettings_ESTest_run_01_identical_5_wizlm_4512327019_EOTest,wizlm,run_01,1,org.bytedeco.javacv,65,7,10,15/23,1/15,1/10,mvn test-compile org.pitest:pitest-maven:mutationCoverage -DtargetClasses=org.bytedeco.javacv.BaseSettings -DtargetTests=org.bytedeco.javacv.BaseSettings_ESTest_run_01_identical_5_wizlm_4512327019_EOTest,True
BaseSettings,BaseSettings_ESTest_run_01_identical_5_wizlm_4512327019_EOTest,wizlm,run_02,0,org.bytedeco.javacv,0,0,0,0,0,0,mvn test-compile org.pitest:pitest-maven:mutationCoverage -DtargetClasses=org.bytedeco.javacv.BaseSettings -DtargetTests=org.bytedeco.javacv.BaseSettings_ESTest_run_01_identical_5_wizlm_4512327019_EOTest,False
BaseSettings,BaseSettings_ESTest_run_01_identical_5_wizlm_4512327019_EOTest,wizlm,run_03,0,org.bytedeco.javacv,0,0,0,0,0,0,mvn test-compile org.pitest:pitest-maven:mutationCoverage -DtargetClasses=org.bytedeco.javacv.BaseSettings -DtargetTests=org.bytedeco.javacv.BaseSettings_ESTest_run_01_identical_5_wizlm_4512327019_EOTest,False
CacheHandler,CacheHandler_ESTest_run_01_identical_5_ocra_808026646_EOTest,ocra,run_01,1,io.github.bonigarcia.wdm.cache,45,0,0,15/33,0/18,0/5,mvn test-compile org.pitest:pitest-maven:mutationCoverage -DtargetClasses=io.github.bonigarcia.wdm.cache.CacheHandler -DtargetTests=io.github.bonigarcia.wdm.cache.CacheHandler_ESTest_run_01_identical_5_ocra_808026646_EOTest,True
CacheHandler,CacheHandler_ESTest_run_02_identical_5_ocra_7914674425_EOTest,ocra,run_02,2,io.github.bonigarcia.wdm.cache,39,0,0,13/33,0/18,0/4,"mvn test-compile org.pitest:pitest-maven:mutationCoverage -DtargetClasses=io.github.bonigarcia.wdm.cache.CacheHandler -DtargetTests=io.github.bonigarcia.wdm.cache.CacheHandler_ESTest_run_02_identical_5_ocra_8113593863_EOTest,io.github.bonigarcia.wdm.cache.CacheHandler_ESTest_run_02_identical_5_ocra_7914674425_EOTest",True
CacheHandler,CacheHandler_ESTest_run_03_identical_5_ocra_844005912_EOTest,ocra,run_03,1,io.github.bonigarcia.wdm.cache,30,0,0,10/33,0/18,0/3,mvn test-compile org.pitest:pitest-maven:mutationCoverage -DtargetClasses=io.github.bonigarcia.wdm.cache.CacheHandler -DtargetTests=io.github.bonigarcia.wdm.cache.CacheHandler_ESTest_run_03_identical_5_ocra_844005912_EOTest,True
CacheHandler,CacheHandler_ESTest_run_01_identical_5_mpt_889695670_EOTest,mpt,run_01,3,io.github.bonigarcia.wdm.cache,0,0,0,0,0,0,"mvn test-compile org.pitest:pitest-maven:mutationCoverage -DtargetClasses=io.github.bonigarcia.wdm.cache.CacheHandler -DtargetTests=io.github.bonigarcia.wdm.cache.CacheHandler_ESTest_run_01_identical_5_mpt_8915099263_EOTest,io.github.bonigarcia.wdm.cache.CacheHandler_ESTest_run_01_identical_5_mpt_845115851_EOTest,io.github.bonigarcia.wdm.cache.CacheHandler_ESTest_run_01_identical_5_mpt_889695670_EOTest",False
CacheHandler,CacheHandler_ESTest_run_02_identical_5_mpt_8416228645_EOTest,mpt,run_02,7,io.github.bonigarcia.wdm.cache,0,0,0,0,0,0,"mvn test-compile org.pitest:pitest-maven:mutationCoverage -DtargetClasses=io.github.bonigarcia.wdm.cache.CacheHandler -DtargetTests=io.github.bonigarcia.wdm.cache.CacheHandler_ESTest_run_02_identical_5_mpt_8615196596_EOTest,io.github.bonigarcia.wdm.cache.CacheHandler_ESTest_run_02_identical_5_mpt_858090771_EOTest,io.github.bonigarcia.wdm.cache.CacheHandler_ESTest_run_02_identical_5_mpt_893101201_EOTest,io.github.bonigarcia.wdm.cache.CacheHandler_ESTest_run_02_identical_5_mpt_882649228_EOTest,io.github.bonigarcia.wdm.cache.CacheHandler_ESTest_run_02_identical_5_mpt_835097787_EOTest,io.github.bonigarcia.wdm.cache.CacheHandler_ESTest_run_02_identical_5_mpt_811438716_EOTest,io.github.bonigarcia.wdm.cache.CacheHandler_ESTest_run_02_identical_5_mpt_8416228645_EOTest",False
CacheHandler,CacheHandler_ESTest_run_03_identical_5_mpt_8915885415_EOTest,mpt,run_03,7,io.github.bonigarcia.wdm.cache,0,0,0,0,0,0,"mvn test-compile org.pitest:pitest-maven:mutationCoverage -DtargetClasses=io.github.bonigarcia.wdm.cache.CacheHandler -DtargetTests=io.github.bonigarcia.wdm.cache.CacheHandler_ESTest_run_03_identical_5_mpt_855319042_EOTest,io.github.bonigarcia.wdm.cache.CacheHandler_ESTest_run_03_identical_5_mpt_7816368287_EOTest,io.github.bonigarcia.wdm.cache.CacheHandler_ESTest_run_03_identical_5_mpt_8810841790_EOTest,io.github.bonigarcia.wdm.cache.CacheHandler_ESTest_run_03_identical_5_mpt_8615032437_EOTest,io.github.bonigarcia.wdm.cache.CacheHandler_ESTest_run_03_identical_5_mpt_83203207_EOTest,io.github.bonigarcia.wdm.cache.CacheHandler_ESTest_run_03_identical_5_mpt_8411664597_EOTest,io.github.bonigarcia.wdm.cache.CacheHandler_ESTest_run_03_identical_5_mpt_8915885415_EOTest",False
CacheHandler,CacheHandler_ESTest_run_01_identical_5_nous_872086854_EOTest,nous,run_01,4,io.github.bonigarcia.wdm.cache,48,0,0,16/33,0/18,0/3,"mvn test-compile org.pitest:pitest-maven:mutationCoverage -DtargetClasses=io.github.bonigarcia.wdm.cache.CacheHandler -DtargetTests=io.github.bonigarcia.wdm.cache.CacheHandler_ESTest_run_01_identical_5_nous_818722349_EOTest,io.github.bonigarcia.wdm.cache.CacheHandler_ESTest_run_01_identical_5_nous_881052630_EOTest,io.github.bonigarcia.wdm.cache.CacheHandler_ESTest_run_01_identical_5_nous_8610972161_EOTest,io.github.bonigarcia.wdm.cache.CacheHandler_ESTest_run_01_identical_5_nous_872086854_EOTest",True
CacheHandler,CacheHandler_ESTest_run_02_identical_5_nous_845739379_EOTest,nous,run_02,5,io.github.bonigarcia.wdm.cache,48,0,0,16/33,0/18,0/5,"mvn test-compile org.pitest:pitest-maven:mutationCoverage -DtargetClasses=io.github.bonigarcia.wdm.cache.CacheHandler -DtargetTests=io.github.bonigarcia.wdm.cache.CacheHandler_ESTest_run_02_identical_5_nous_884180696_EOTest,io.github.bonigarcia.wdm.cache.CacheHandler_ESTest_run_02_identical_5_nous_8011665233_EOTest,io.github.bonigarcia.wdm.cache.CacheHandler_ESTest_run_02_identical_5_nous_789306271_EOTest,io.github.bonigarcia.wdm.cache.CacheHandler_ESTest_run_02_identical_5_nous_8512173013_EOTest,io.github.bonigarcia.wdm.cache.CacheHandler_ESTest_run_02_identical_5_nous_845739379_EOTest",True
CacheHandler,CacheHandler_ESTest_run_03_identical_5_nous_7914844966_EOTest,nous,run_03,4,io.github.bonigarcia.wdm.cache,39,0,0,13/33,0/18,0/4,"mvn test-compile org.pitest:pitest-maven:mutationCoverage -DtargetClasses=io.github.bonigarcia.wdm.cache.CacheHandler -DtargetTests=io.github.bonigarcia.wdm.cache.CacheHandler_ESTest_run_03_identical_5_nous_885340372_EOTest,io.github.bonigarcia.wdm.cache.CacheHandler_ESTest_run_03_identical_5_nous_814200299_EOTest,io.github.bonigarcia.wdm.cache.CacheHandler_ESTest_run_03_identical_5_nous_7816403329_EOTest,io.github.bonigarcia.wdm.cache.CacheHandler_ESTest_run_03_identical_5_nous_7914844966_EOTest",True
CacheHandler,CacheHandler_ESTest_run_01_identical_5_vicuna_865503920_EOTest,vicuna,run_01,9,io.github.bonigarcia.wdm.cache,0,0,0,0,0,0,"mvn test-compile org.pitest:pitest-maven:mutationCoverage -DtargetClasses=io.github.bonigarcia.wdm.cache.CacheHandler -DtargetTests=io.github.bonigarcia.wdm.cache.CacheHandler_ESTest_run_01_identical_5_vicuna_87466969_EOTest,io.github.bonigarcia.wdm.cache.CacheHandler_ESTest_run_01_identical_5_vicuna_8913157882_EOTest,io.github.bonigarcia.wdm.cache.CacheHandler_ESTest_run_01_identical_5_vicuna_8213799050_EOTest,io.github.bonigarcia.wdm.cache.CacheHandler_ESTest_run_01_identical_5_vicuna_846525736_EOTest,io.github.bonigarcia.wdm.cache.CacheHandler_ESTest_run_01_identical_5_vicuna_789605083_EOTest,io.github.bonigarcia.wdm.cache.CacheHandler_ESTest_run_01_identical_5_vicuna_8812918054_EOTest,io.github.bonigarcia.wdm.cache.CacheHandler_ESTest_run_01_identical_5_vicuna_7910033772_EOTest,io.github.bonigarcia.wdm.cache.CacheHandler_ESTest_run_01_identical_5_vicuna_832955624_EOTest,io.github.bonigarcia.wdm.cache.CacheHandler_ESTest_run_01_identical_5_vicuna_865503920_EOTest",False
CacheHandler,CacheHandler_ESTest_run_02_identical_5_vicuna_885282468_EOTest,vicuna,run_02,9,io.github.bonigarcia.wdm.cache,0,0,0,0,0,0,"mvn test-compile org.pitest:pitest-maven:mutationCoverage -DtargetClasses=io.github.bonigarcia.wdm.cache.CacheHandler -DtargetTests=io.github.bonigarcia.wdm.cache.CacheHandler_ESTest_run_02_identical_5_vicuna_872705723_EOTest,io.github.bonigarcia.wdm.cache.CacheHandler_ESTest_run_02_identical_5_vicuna_8314672352_EOTest,io.github.bonigarcia.wdm.cache.CacheHandler_ESTest_run_02_identical_5_vicuna_829357314_EOTest,io.github.bonigarcia.wdm.cache.CacheHandler_ESTest_run_02_identical_5_vicuna_8916462522_EOTest,io.github.bonigarcia.wdm.cache.CacheHandler_ESTest_run_02_identical_5_vicuna_8415964575_EOTest,io.github.bonigarcia.wdm.cache.CacheHandler_ESTest_run_02_identical_5_vicuna_7915289404_EOTest,io.github.bonigarcia.wdm.cache.CacheHandler_ESTest_run_02_identical_5_vicuna_7816687699_EOTest,io.github.bonigarcia.wdm.cache.CacheHandler_ESTest_run_02_identical_5_vicuna_8614822759_EOTest,io.github.bonigarcia.wdm.cache.CacheHandler_ESTest_run_02_identical_5_vicuna_885282468_EOTest",False
CacheHandler,CacheHandler_ESTest_run_03_identical_5_vicuna_8914065344_EOTest,vicuna,run_03,8,io.github.bonigarcia.wdm.cache,0,0,0,0,0,0,"mvn test-compile org.pitest:pitest-maven:mutationCoverage -DtargetClasses=io.github.bonigarcia.wdm.cache.CacheHandler -DtargetTests=io.github.bonigarcia.wdm.cache.CacheHandler_ESTest_run_03_identical_5_vicuna_7811810066_EOTest,io.github.bonigarcia.wdm.cache.CacheHandler_ESTest_run_03_identical_5_vicuna_8314305448_EOTest,io.github.bonigarcia.wdm.cache.CacheHandler_ESTest_run_03_identical_5_vicuna_886671766_EOTest,io.github.bonigarcia.wdm.cache.CacheHandler_ESTest_run_03_identical_5_vicuna_7916097609_EOTest,io.github.bonigarcia.wdm.cache.CacheHandler_ESTest_run_03_identical_5_vicuna_8711592323_EOTest,io.github.bonigarcia.wdm.cache.CacheHandler_ESTest_run_03_identical_5_vicuna_849058517_EOTest,io.github.bonigarcia.wdm.cache.CacheHandler_ESTest_run_03_identical_5_vicuna_821299042_EOTest,io.github.bonigarcia.wdm.cache.CacheHandler_ESTest_run_03_identical_5_vicuna_8914065344_EOTest",False
CacheHandler,CacheHandler_ESTest_run_01_identical_5_wizlm_809593807_EOTest,wizlm,run_01,2,io.github.bonigarcia.wdm.cache,48,0,0,16/33,0/18,0/5,"mvn test-compile org.pitest:pitest-maven:mutationCoverage -DtargetClasses=io.github.bonigarcia.wdm.cache.CacheHandler -DtargetTests=io.github.bonigarcia.wdm.cache.CacheHandler_ESTest_run_01_identical_5_wizlm_884367914_EOTest,io.github.bonigarcia.wdm.cache.CacheHandler_ESTest_run_01_identical_5_wizlm_809593807_EOTest",True
CacheHandler,CacheHandler_ESTest_run_02_identical_5_wizlm_8214914578_EOTest,wizlm,run_02,1,io.github.bonigarcia.wdm.cache,24,0,0,8/33,0/18,0/1,mvn test-compile org.pitest:pitest-maven:mutationCoverage -DtargetClasses=io.github.bonigarcia.wdm.cache.CacheHandler -DtargetTests=io.github.bonigarcia.wdm.cache.CacheHandler_ESTest_run_02_identical_5_wizlm_8214914578_EOTest,True
CacheHandler,CacheHandler_ESTest_run_02_identical_5_wizlm_8214914578_EOTest,wizlm,run_03,0,io.github.bonigarcia.wdm.cache,0,0,0,0,0,0,mvn test-compile org.pitest:pitest-maven:mutationCoverage -DtargetClasses=io.github.bonigarcia.wdm.cache.CacheHandler -DtargetTests=io.github.bonigarcia.wdm.cache.CacheHandler_ESTest_run_02_identical_5_wizlm_8214914578_EOTest,False
NodeInstaller,NodeInstaller_ESTest_run_01_identical_5_ocra_1081920749_EOTest,ocra,run_01,1,com.github.eirslett.maven.plugins.frontend.lib,35,34,87,63/181,20/58,20/23,mvn test-compile org.pitest:pitest-maven:mutationCoverage -DtargetClasses=com.github.eirslett.maven.plugins.frontend.lib.NodeInstaller -DtargetTests=com.github.eirslett.maven.plugins.frontend.lib.NodeInstaller_ESTest_run_01_identical_5_ocra_1081920749_EOTest,True
NodeInstaller,NodeInstaller_ESTest_run_01_identical_5_ocra_1081920749_EOTest,ocra,run_02,0,com.github.eirslett.maven.plugins.frontend.lib,0,0,0,0,0,0,mvn test-compile org.pitest:pitest-maven:mutationCoverage -DtargetClasses=com.github.eirslett.maven.plugins.frontend.lib.NodeInstaller -DtargetTests=com.github.eirslett.maven.plugins.frontend.lib.NodeInstaller_ESTest_run_01_identical_5_ocra_1081920749_EOTest,False
NodeInstaller,NodeInstaller_ESTest_run_03_identical_5_ocra_11614259394_EOTest,ocra,run_03,1,com.github.eirslett.maven.plugins.frontend.lib,8,2,33,14/181,1/58,1/3,mvn test-compile org.pitest:pitest-maven:mutationCoverage -DtargetClasses=com.github.eirslett.maven.plugins.frontend.lib.NodeInstaller -DtargetTests=com.github.eirslett.maven.plugins.frontend.lib.NodeInstaller_ESTest_run_03_identical_5_ocra_11614259394_EOTest,True
NodeInstaller,NodeInstaller_ESTest_run_03_identical_5_ocra_11614259394_EOTest,mpt,run_01,0,com.github.eirslett.maven.plugins.frontend.lib,0,0,0,0,0,0,mvn test-compile org.pitest:pitest-maven:mutationCoverage -DtargetClasses=com.github.eirslett.maven.plugins.frontend.lib.NodeInstaller -DtargetTests=com.github.eirslett.maven.plugins.frontend.lib.NodeInstaller_ESTest_run_03_identical_5_ocra_11614259394_EOTest,False
NodeInstaller,NodeInstaller_ESTest_run_02_identical_5_mpt_11712825772_EOTest,mpt,run_02,2,com.github.eirslett.maven.plugins.frontend.lib,43,47,96,77/181,27/58,27/28,"mvn test-compile org.pitest:pitest-maven:mutationCoverage -DtargetClasses=com.github.eirslett.maven.plugins.frontend.lib.NodeInstaller -DtargetTests=com.github.eirslett.maven.plugins.frontend.lib.NodeInstaller_ESTest_run_02_identical_5_mpt_1143406496_EOTest,com.github.eirslett.maven.plugins.frontend.lib.NodeInstaller_ESTest_run_02_identical_5_mpt_11712825772_EOTest",True
NodeInstaller,NodeInstaller_ESTest_run_03_identical_5_mpt_1208001250_EOTest,mpt,run_03,1,com.github.eirslett.maven.plugins.frontend.lib,35,36,91,64/181,21/58,21/23,mvn test-compile org.pitest:pitest-maven:mutationCoverage -DtargetClasses=com.github.eirslett.maven.plugins.frontend.lib.NodeInstaller -DtargetTests=com.github.eirslett.maven.plugins.frontend.lib.NodeInstaller_ESTest_run_03_identical_5_mpt_1208001250_EOTest,True
NodeInstaller,NodeInstaller_ESTest_run_01_identical_5_nous_10910823848_EOTest,nous,run_01,2,com.github.eirslett.maven.plugins.frontend.lib,40,45,100,72/181,26/58,26/26,"mvn test-compile org.pitest:pitest-maven:mutationCoverage -DtargetClasses=com.github.eirslett.maven.plugins.frontend.lib.NodeInstaller -DtargetTests=com.github.eirslett.maven.plugins.frontend.lib.NodeInstaller_ESTest_run_01_identical_5_nous_12013462388_EOTest,com.github.eirslett.maven.plugins.frontend.lib.NodeInstaller_ESTest_run_01_identical_5_nous_10910823848_EOTest",True
NodeInstaller,NodeInstaller_ESTest_run_02_identical_5_nous_1201507899_EOTest,nous,run_02,2,com.github.eirslett.maven.plugins.frontend.lib,41,47,100,74/181,27/58,27/27,"mvn test-compile org.pitest:pitest-maven:mutationCoverage -DtargetClasses=com.github.eirslett.maven.plugins.frontend.lib.NodeInstaller -DtargetTests=com.github.eirslett.maven.plugins.frontend.lib.NodeInstaller_ESTest_run_02_identical_5_nous_11210142815_EOTest,com.github.eirslett.maven.plugins.frontend.lib.NodeInstaller_ESTest_run_02_identical_5_nous_1201507899_EOTest",True
NodeInstaller,NodeInstaller_ESTest_run_03_identical_5_nous_1201818532_EOTest,nous,run_03,3,com.github.eirslett.maven.plugins.frontend.lib,41,47,100,74/181,27/58,27/27,"mvn test-compile org.pitest:pitest-maven:mutationCoverage -DtargetClasses=com.github.eirslett.maven.plugins.frontend.lib.NodeInstaller -DtargetTests=com.github.eirslett.maven.plugins.frontend.lib.NodeInstaller_ESTest_run_03_identical_5_nous_1123553964_EOTest,com.github.eirslett.maven.plugins.frontend.lib.NodeInstaller_ESTest_run_03_identical_5_nous_1188616046_EOTest,com.github.eirslett.maven.plugins.frontend.lib.NodeInstaller_ESTest_run_03_identical_5_nous_1201818532_EOTest",True
NodeInstaller,NodeInstaller_ESTest_run_03_identical_5_nous_1201818532_EOTest,vicuna,run_01,0,com.github.eirslett.maven.plugins.frontend.lib,0,0,0,0,0,0,"mvn test-compile org.pitest:pitest-maven:mutationCoverage -DtargetClasses=com.github.eirslett.maven.plugins.frontend.lib.NodeInstaller -DtargetTests=com.github.eirslett.maven.plugins.frontend.lib.NodeInstaller_ESTest_run_03_identical_5_nous_1123553964_EOTest,com.github.eirslett.maven.plugins.frontend.lib.NodeInstaller_ESTest_run_03_identical_5_nous_1188616046_EOTest,com.github.eirslett.maven.plugins.frontend.lib.NodeInstaller_ESTest_run_03_identical_5_nous_1201818532_EOTest",False
NodeInstaller,NodeInstaller_ESTest_run_03_identical_5_nous_1201818532_EOTest,vicuna,run_02,0,com.github.eirslett.maven.plugins.frontend.lib,0,0,0,0,0,0,"mvn test-compile org.pitest:pitest-maven:mutationCoverage -DtargetClasses=com.github.eirslett.maven.plugins.frontend.lib.NodeInstaller -DtargetTests=com.github.eirslett.maven.plugins.frontend.lib.NodeInstaller_ESTest_run_03_identical_5_nous_1123553964_EOTest,com.github.eirslett.maven.plugins.frontend.lib.NodeInstaller_ESTest_run_03_identical_5_nous_1188616046_EOTest,com.github.eirslett.maven.plugins.frontend.lib.NodeInstaller_ESTest_run_03_identical_5_nous_1201818532_EOTest",False
NodeInstaller,NodeInstaller_ESTest_run_03_identical_5_nous_1201818532_EOTest,vicuna,run_03,0,com.github.eirslett.maven.plugins.frontend.lib,0,0,0,0,0,0,"mvn test-compile org.pitest:pitest-maven:mutationCoverage -DtargetClasses=com.github.eirslett.maven.plugins.frontend.lib.NodeInstaller -DtargetTests=com.github.eirslett.maven.plugins.frontend.lib.NodeInstaller_ESTest_run_03_identical_5_nous_1123553964_EOTest,com.github.eirslett.maven.plugins.frontend.lib.NodeInstaller_ESTest_run_03_identical_5_nous_1188616046_EOTest,com.github.eirslett.maven.plugins.frontend.lib.NodeInstaller_ESTest_run_03_identical_5_nous_1201818532_EOTest",False
NodeInstaller,NodeInstaller_ESTest_run_01_identical_5_wizlm_1246752130_EOTest,wizlm,run_01,1,com.github.eirslett.maven.plugins.frontend.lib,1,0,100,1/181,0/58,0/0,mvn test-compile org.pitest:pitest-maven:mutationCoverage -DtargetClasses=com.github.eirslett.maven.plugins.frontend.lib.NodeInstaller -DtargetTests=com.github.eirslett.maven.plugins.frontend.lib.NodeInstaller_ESTest_run_01_identical_5_wizlm_1246752130_EOTest,True
NodeInstaller,NodeInstaller_ESTest_run_02_identical_5_wizlm_12411203654_EOTest,wizlm,run_02,1,com.github.eirslett.maven.plugins.frontend.lib,1,0,100,1/181,0/58,0/0,mvn test-compile org.pitest:pitest-maven:mutationCoverage -DtargetClasses=com.github.eirslett.maven.plugins.frontend.lib.NodeInstaller -DtargetTests=com.github.eirslett.maven.plugins.frontend.lib.NodeInstaller_ESTest_run_02_identical_5_wizlm_12411203654_EOTest,True
NodeInstaller,NodeInstaller_ESTest_run_03_identical_5_wizlm_12415444670_EOTest,wizlm,run_03,2,com.github.eirslett.maven.plugins.frontend.lib,35,36,91,63/181,21/58,21/23,"mvn test-compile org.pitest:pitest-maven:mutationCoverage -DtargetClasses=com.github.eirslett.maven.plugins.frontend.lib.NodeInstaller -DtargetTests=com.github.eirslett.maven.plugins.frontend.lib.NodeInstaller_ESTest_run_03_identical_5_wizlm_1086429646_EOTest,com.github.eirslett.maven.plugins.frontend.lib.NodeInstaller_ESTest_run_03_identical_5_wizlm_12415444670_EOTest",True
NPMInstaller,NPMInstaller_ESTest_run_01_identical_5_ocra_1026840330_EOTest,ocra,run_01,1,com.github.eirslett.maven.plugins.frontend.lib,6,0,100,7/114,0/44,0/0,mvn test-compile org.pitest:pitest-maven:mutationCoverage -DtargetClasses=com.github.eirslett.maven.plugins.frontend.lib.NPMInstaller -DtargetTests=com.github.eirslett.maven.plugins.frontend.lib.NPMInstaller_ESTest_run_01_identical_5_ocra_1026840330_EOTest,True
NPMInstaller,NPMInstaller_ESTest_run_01_identical_5_ocra_1026840330_EOTest,ocra,run_02,0,com.github.eirslett.maven.plugins.frontend.lib,0,0,0,0,0,0,mvn test-compile org.pitest:pitest-maven:mutationCoverage -DtargetClasses=com.github.eirslett.maven.plugins.frontend.lib.NPMInstaller -DtargetTests=com.github.eirslett.maven.plugins.frontend.lib.NPMInstaller_ESTest_run_01_identical_5_ocra_1026840330_EOTest,False
NPMInstaller,NPMInstaller_ESTest_run_01_identical_5_ocra_1026840330_EOTest,ocra,run_03,0,com.github.eirslett.maven.plugins.frontend.lib,0,0,0,0,0,0,mvn test-compile org.pitest:pitest-maven:mutationCoverage -DtargetClasses=com.github.eirslett.maven.plugins.frontend.lib.NPMInstaller -DtargetTests=com.github.eirslett.maven.plugins.frontend.lib.NPMInstaller_ESTest_run_01_identical_5_ocra_1026840330_EOTest,False
NPMInstaller,NPMInstaller_ESTest_run_01_identical_5_mpt_1022178023_EOTest,mpt,run_01,1,com.github.eirslett.maven.plugins.frontend.lib,6,0,100,7/114,0/44,0/0,mvn test-compile org.pitest:pitest-maven:mutationCoverage -DtargetClasses=com.github.eirslett.maven.plugins.frontend.lib.NPMInstaller -DtargetTests=com.github.eirslett.maven.plugins.frontend.lib.NPMInstaller_ESTest_run_01_identical_5_mpt_1022178023_EOTest,True
NPMInstaller,NPMInstaller_ESTest_run_02_identical_5_mpt_10213140466_EOTest,mpt,run_02,1,com.github.eirslett.maven.plugins.frontend.lib,6,0,100,7/114,0/44,0/0,mvn test-compile org.pitest:pitest-maven:mutationCoverage -DtargetClasses=com.github.eirslett.maven.plugins.frontend.lib.NPMInstaller -DtargetTests=com.github.eirslett.maven.plugins.frontend.lib.NPMInstaller_ESTest_run_02_identical_5_mpt_10213140466_EOTest,True
NPMInstaller,NPMInstaller_ESTest_run_03_identical_5_mpt_10213918873_EOTest,mpt,run_03,1,com.github.eirslett.maven.plugins.frontend.lib,6,0,100,7/114,0/44,0/0,mvn test-compile org.pitest:pitest-maven:mutationCoverage -DtargetClasses=com.github.eirslett.maven.plugins.frontend.lib.NPMInstaller -DtargetTests=com.github.eirslett.maven.plugins.frontend.lib.NPMInstaller_ESTest_run_03_identical_5_mpt_10213918873_EOTest,True
NPMInstaller,NPMInstaller_ESTest_run_03_identical_5_mpt_10213918873_EOTest,nous,run_01,0,com.github.eirslett.maven.plugins.frontend.lib,0,0,0,0,0,0,mvn test-compile org.pitest:pitest-maven:mutationCoverage -DtargetClasses=com.github.eirslett.maven.plugins.frontend.lib.NPMInstaller -DtargetTests=com.github.eirslett.maven.plugins.frontend.lib.NPMInstaller_ESTest_run_03_identical_5_mpt_10213918873_EOTest,False
NPMInstaller,NPMInstaller_ESTest_run_02_identical_5_nous_9510405588_EOTest,nous,run_02,1,com.github.eirslett.maven.plugins.frontend.lib,13,9,100,15/114,4/44,4/4,mvn test-compile org.pitest:pitest-maven:mutationCoverage -DtargetClasses=com.github.eirslett.maven.plugins.frontend.lib.NPMInstaller -DtargetTests=com.github.eirslett.maven.plugins.frontend.lib.NPMInstaller_ESTest_run_02_identical_5_nous_9510405588_EOTest,True
NPMInstaller,NPMInstaller_ESTest_run_03_identical_5_nous_1066049107_EOTest,nous,run_03,1,com.github.eirslett.maven.plugins.frontend.lib,45,27,57,51/114,12/44,12/21,mvn test-compile org.pitest:pitest-maven:mutationCoverage -DtargetClasses=com.github.eirslett.maven.plugins.frontend.lib.NPMInstaller -DtargetTests=com.github.eirslett.maven.plugins.frontend.lib.NPMInstaller_ESTest_run_03_identical_5_nous_1066049107_EOTest,True
NPMInstaller,NPMInstaller_ESTest_run_01_identical_5_vicuna_1026873077_EOTest,vicuna,run_01,1,com.github.eirslett.maven.plugins.frontend.lib,6,0,100,7/114,0/44,0/0,mvn test-compile org.pitest:pitest-maven:mutationCoverage -DtargetClasses=com.github.eirslett.maven.plugins.frontend.lib.NPMInstaller -DtargetTests=com.github.eirslett.maven.plugins.frontend.lib.NPMInstaller_ESTest_run_01_identical_5_vicuna_1026873077_EOTest,True
NPMInstaller,NPMInstaller_ESTest_run_02_identical_5_vicuna_10211143098_EOTest,vicuna,run_02,1,com.github.eirslett.maven.plugins.frontend.lib,6,0,100,7/114,0/44,0/0,mvn test-compile org.pitest:pitest-maven:mutationCoverage -DtargetClasses=com.github.eirslett.maven.plugins.frontend.lib.NPMInstaller -DtargetTests=com.github.eirslett.maven.plugins.frontend.lib.NPMInstaller_ESTest_run_02_identical_5_vicuna_10211143098_EOTest,True
NPMInstaller,NPMInstaller_ESTest_run_03_identical_5_vicuna_10212753664_EOTest,vicuna,run_03,1,com.github.eirslett.maven.plugins.frontend.lib,6,0,100,7/114,0/44,0/0,mvn test-compile org.pitest:pitest-maven:mutationCoverage -DtargetClasses=com.github.eirslett.maven.plugins.frontend.lib.NPMInstaller -DtargetTests=com.github.eirslett.maven.plugins.frontend.lib.NPMInstaller_ESTest_run_03_identical_5_vicuna_10212753664_EOTest,True
NPMInstaller,NPMInstaller_ESTest_run_01_identical_5_wizlm_1021153731_EOTest,wizlm,run_01,1,com.github.eirslett.maven.plugins.frontend.lib,6,0,100,7/114,0/44,0/0,mvn test-compile org.pitest:pitest-maven:mutationCoverage -DtargetClasses=com.github.eirslett.maven.plugins.frontend.lib.NPMInstaller -DtargetTests=com.github.eirslett.maven.plugins.frontend.lib.NPMInstaller_ESTest_run_01_identical_5_wizlm_1021153731_EOTest,True
NPMInstaller,NPMInstaller_ESTest_run_02_identical_5_wizlm_10212089949_EOTest,wizlm,run_02,1,com.github.eirslett.maven.plugins.frontend.lib,6,0,100,7/114,0/44,0/0,mvn test-compile org.pitest:pitest-maven:mutationCoverage -DtargetClasses=com.github.eirslett.maven.plugins.frontend.lib.NPMInstaller -DtargetTests=com.github.eirslett.maven.plugins.frontend.lib.NPMInstaller_ESTest_run_02_identical_5_wizlm_10212089949_EOTest,True
NPMInstaller,NPMInstaller_ESTest_run_03_identical_5_wizlm_1023140102_EOTest,wizlm,run_03,1,com.github.eirslett.maven.plugins.frontend.lib,6,0,100,7/114,0/44,0/0,mvn test-compile org.pitest:pitest-maven:mutationCoverage -DtargetClasses=com.github.eirslett.maven.plugins.frontend.lib.NPMInstaller -DtargetTests=com.github.eirslett.maven.plugins.frontend.lib.NPMInstaller_ESTest_run_03_identical_5_wizlm_1023140102_EOTest,True
Parallel,NPMInstaller_ESTest_run_03_identical_5_wizlm_1023140102_EOTest,ocra,run_01,0,org.bytedeco.javacv,0,0,0,0,0,0,mvn test-compile org.pitest:pitest-maven:mutationCoverage -DtargetClasses=com.github.eirslett.maven.plugins.frontend.lib.NPMInstaller -DtargetTests=com.github.eirslett.maven.plugins.frontend.lib.NPMInstaller_ESTest_run_03_identical_5_wizlm_1023140102_EOTest,False
Parallel,NPMInstaller_ESTest_run_03_identical_5_wizlm_1023140102_EOTest,ocra,run_02,0,org.bytedeco.javacv,0,0,0,0,0,0,mvn test-compile org.pitest:pitest-maven:mutationCoverage -DtargetClasses=com.github.eirslett.maven.plugins.frontend.lib.NPMInstaller -DtargetTests=com.github.eirslett.maven.plugins.frontend.lib.NPMInstaller_ESTest_run_03_identical_5_wizlm_1023140102_EOTest,False
Parallel,NPMInstaller_ESTest_run_03_identical_5_wizlm_1023140102_EOTest,ocra,run_03,0,org.bytedeco.javacv,0,0,0,0,0,0,mvn test-compile org.pitest:pitest-maven:mutationCoverage -DtargetClasses=com.github.eirslett.maven.plugins.frontend.lib.NPMInstaller -DtargetTests=com.github.eirslett.maven.plugins.frontend.lib.NPMInstaller_ESTest_run_03_identical_5_wizlm_1023140102_EOTest,False
Parallel,NPMInstaller_ESTest_run_03_identical_5_wizlm_1023140102_EOTest,mpt,run_01,0,org.bytedeco.javacv,0,0,0,0,0,0,mvn test-compile org.pitest:pitest-maven:mutationCoverage -DtargetClasses=com.github.eirslett.maven.plugins.frontend.lib.NPMInstaller -DtargetTests=com.github.eirslett.maven.plugins.frontend.lib.NPMInstaller_ESTest_run_03_identical_5_wizlm_1023140102_EOTest,False
Parallel,Parallel_ESTest_run_02_identical_5_mpt_748658292_EOTest,mpt,run_02,1,org.bytedeco.javacv,63,23,26,26/41,6/26,6/23,mvn test-compile org.pitest:pitest-maven:mutationCoverage -DtargetClasses=org.bytedeco.javacv.Parallel -DtargetTests=org.bytedeco.javacv.Parallel_ESTest_run_02_identical_5_mpt_748658292_EOTest,True
Parallel,Parallel_ESTest_run_02_identical_5_mpt_748658292_EOTest,mpt,run_03,0,org.bytedeco.javacv,0,0,0,0,0,0,mvn test-compile org.pitest:pitest-maven:mutationCoverage -DtargetClasses=org.bytedeco.javacv.Parallel -DtargetTests=org.bytedeco.javacv.Parallel_ESTest_run_02_identical_5_mpt_748658292_EOTest,False
Parallel,Parallel_ESTest_run_01_identical_5_nous_7013429847_EOTest,nous,run_01,4,org.bytedeco.javacv,100,50,50,41/41,13/26,13/26,"mvn test-compile org.pitest:pitest-maven:mutationCoverage -DtargetClasses=org.bytedeco.javacv.Parallel -DtargetTests=org.bytedeco.javacv.Parallel_ESTest_run_01_identical_5_nous_6912120413_EOTest,org.bytedeco.javacv.Parallel_ESTest_run_01_identical_5_nous_732342861_EOTest,org.bytedeco.javacv.Parallel_ESTest_run_01_identical_5_nous_743529223_EOTest,org.bytedeco.javacv.Parallel_ESTest_run_01_identical_5_nous_7013429847_EOTest",True
Parallel,Parallel_ESTest_run_02_identical_5_nous_717063988_EOTest,nous,run_02,4,org.bytedeco.javacv,83,81,88,34/41,21/26,21/24,"mvn test-compile org.pitest:pitest-maven:mutationCoverage -DtargetClasses=org.bytedeco.javacv.Parallel -DtargetTests=org.bytedeco.javacv.Parallel_ESTest_run_02_identical_5_nous_709209996_EOTest,org.bytedeco.javacv.Parallel_ESTest_run_02_identical_5_nous_691815947_EOTest,org.bytedeco.javacv.Parallel_ESTest_run_02_identical_5_nous_7414947630_EOTest,org.bytedeco.javacv.Parallel_ESTest_run_02_identical_5_nous_717063988_EOTest",True
Parallel,Parallel_ESTest_run_03_identical_5_nous_6912983942_EOTest,nous,run_03,4,org.bytedeco.javacv,100,50,50,41/41,13/26,13/26,"mvn test-compile org.pitest:pitest-maven:mutationCoverage -DtargetClasses=org.bytedeco.javacv.Parallel -DtargetTests=org.bytedeco.javacv.Parallel_ESTest_run_03_identical_5_nous_702974656_EOTest,org.bytedeco.javacv.Parallel_ESTest_run_03_identical_5_nous_731170038_EOTest,org.bytedeco.javacv.Parallel_ESTest_run_03_identical_5_nous_7111153319_EOTest,org.bytedeco.javacv.Parallel_ESTest_run_03_identical_5_nous_6912983942_EOTest",True
Parallel,Parallel_ESTest_run_01_identical_5_vicuna_698935922_EOTest,vicuna,run_01,2,org.bytedeco.javacv,83,38,42,34/41,10/26,10/24,"mvn test-compile org.pitest:pitest-maven:mutationCoverage -DtargetClasses=org.bytedeco.javacv.Parallel -DtargetTests=org.bytedeco.javacv.Parallel_ESTest_run_01_identical_5_vicuna_7112500589_EOTest,org.bytedeco.javacv.Parallel_ESTest_run_01_identical_5_vicuna_698935922_EOTest",True
Parallel,Parallel_ESTest_run_02_identical_5_vicuna_69199794_EOTest,vicuna,run_02,1,org.bytedeco.javacv,68,23,26,28/41,6/26,6/23,mvn test-compile org.pitest:pitest-maven:mutationCoverage -DtargetClasses=org.bytedeco.javacv.Parallel -DtargetTests=org.bytedeco.javacv.Parallel_ESTest_run_02_identical_5_vicuna_69199794_EOTest,True
Parallel,Parallel_ESTest_run_03_identical_5_vicuna_737883685_EOTest,vicuna,run_03,2,org.bytedeco.javacv,98,38,38,40/41,10/26,10/26,"mvn test-compile org.pitest:pitest-maven:mutationCoverage -DtargetClasses=org.bytedeco.javacv.Parallel -DtargetTests=org.bytedeco.javacv.Parallel_ESTest_run_03_identical_5_vicuna_6912519594_EOTest,org.bytedeco.javacv.Parallel_ESTest_run_03_identical_5_vicuna_737883685_EOTest",True
Parallel,Parallel_ESTest_run_01_identical_5_wizlm_708881904_EOTest,wizlm,run_01,3,org.bytedeco.javacv,76,42,48,31/41,11/26,11/23,"mvn test-compile org.pitest:pitest-maven:mutationCoverage -DtargetClasses=org.bytedeco.javacv.Parallel -DtargetTests=org.bytedeco.javacv.Parallel_ESTest_run_01_identical_5_wizlm_7212603642_EOTest,org.bytedeco.javacv.Parallel_ESTest_run_01_identical_5_wizlm_694886226_EOTest,org.bytedeco.javacv.Parallel_ESTest_run_01_identical_5_wizlm_708881904_EOTest",True
Parallel,Parallel_ESTest_run_02_identical_5_wizlm_7312515122_EOTest,wizlm,run_02,3,org.bytedeco.javacv,100,62,62,41/41,16/26,16/26,"mvn test-compile org.pitest:pitest-maven:mutationCoverage -DtargetClasses=org.bytedeco.javacv.Parallel -DtargetTests=org.bytedeco.javacv.Parallel_ESTest_run_02_identical_5_wizlm_717403954_EOTest,org.bytedeco.javacv.Parallel_ESTest_run_02_identical_5_wizlm_709142899_EOTest,org.bytedeco.javacv.Parallel_ESTest_run_02_identical_5_wizlm_7312515122_EOTest",True
Parallel,Parallel_ESTest_run_03_identical_5_wizlm_712284820_EOTest,wizlm,run_03,2,org.bytedeco.javacv,83,50,54,34/41,13/26,13/24,"mvn test-compile org.pitest:pitest-maven:mutationCoverage -DtargetClasses=org.bytedeco.javacv.Parallel -DtargetTests=org.bytedeco.javacv.Parallel_ESTest_run_03_identical_5_wizlm_703667283_EOTest,org.bytedeco.javacv.Parallel_ESTest_run_03_identical_5_wizlm_712284820_EOTest",True
PnpmInstaller,PnpmInstaller_ESTest_run_01_identical_5_ocra_1379075690_EOTest,ocra,run_01,2,com.github.eirslett.maven.plugins.frontend.lib,16,0,0,19/118,0/41,0/6,"mvn test-compile org.pitest:pitest-maven:mutationCoverage -DtargetClasses=com.github.eirslett.maven.plugins.frontend.lib.PnpmInstaller -DtargetTests=com.github.eirslett.maven.plugins.frontend.lib.PnpmInstaller_ESTest_run_01_identical_5_ocra_14612198458_EOTest,com.github.eirslett.maven.plugins.frontend.lib.PnpmInstaller_ESTest_run_01_identical_5_ocra_1379075690_EOTest",True
PnpmInstaller,PnpmInstaller_ESTest_run_02_identical_5_ocra_13711978795_EOTest,ocra,run_02,2,com.github.eirslett.maven.plugins.frontend.lib,16,0,0,19/118,0/41,0/6,"mvn test-compile org.pitest:pitest-maven:mutationCoverage -DtargetClasses=com.github.eirslett.maven.plugins.frontend.lib.PnpmInstaller -DtargetTests=com.github.eirslett.maven.plugins.frontend.lib.PnpmInstaller_ESTest_run_02_identical_5_ocra_1462171469_EOTest,com.github.eirslett.maven.plugins.frontend.lib.PnpmInstaller_ESTest_run_02_identical_5_ocra_13711978795_EOTest",True
PnpmInstaller,PnpmInstaller_ESTest_run_03_identical_5_ocra_1463536490_EOTest,ocra,run_03,1,com.github.eirslett.maven.plugins.frontend.lib,1,0,100,1/118,0/41,0/0,mvn test-compile org.pitest:pitest-maven:mutationCoverage -DtargetClasses=com.github.eirslett.maven.plugins.frontend.lib.PnpmInstaller -DtargetTests=com.github.eirslett.maven.plugins.frontend.lib.PnpmInstaller_ESTest_run_03_identical_5_ocra_1463536490_EOTest,True
PnpmInstaller,PnpmInstaller_ESTest_run_01_identical_5_mpt_1347598321_EOTest,mpt,run_01,2,com.github.eirslett.maven.plugins.frontend.lib,41,27,69,48/118,11/41,11/16,"mvn test-compile org.pitest:pitest-maven:mutationCoverage -DtargetClasses=com.github.eirslett.maven.plugins.frontend.lib.PnpmInstaller -DtargetTests=com.github.eirslett.maven.plugins.frontend.lib.PnpmInstaller_ESTest_run_01_identical_5_mpt_1462603323_EOTest,com.github.eirslett.maven.plugins.frontend.lib.PnpmInstaller_ESTest_run_01_identical_5_mpt_1347598321_EOTest",True
PnpmInstaller,PnpmInstaller_ESTest_run_02_identical_5_mpt_1464506108_EOTest,mpt,run_02,1,com.github.eirslett.maven.plugins.frontend.lib,1,0,100,1/118,0/41,0/0,mvn test-compile org.pitest:pitest-maven:mutationCoverage -DtargetClasses=com.github.eirslett.maven.plugins.frontend.lib.PnpmInstaller -DtargetTests=com.github.eirslett.maven.plugins.frontend.lib.PnpmInstaller_ESTest_run_02_identical_5_mpt_1464506108_EOTest,True
PnpmInstaller,PnpmInstaller_ESTest_run_03_identical_5_mpt_14616286289_EOTest,mpt,run_03,2,com.github.eirslett.maven.plugins.frontend.lib,16,0,0,19/118,0/41,0/6,"mvn test-compile org.pitest:pitest-maven:mutationCoverage -DtargetClasses=com.github.eirslett.maven.plugins.frontend.lib.PnpmInstaller -DtargetTests=com.github.eirslett.maven.plugins.frontend.lib.PnpmInstaller_ESTest_run_03_identical_5_mpt_1375480359_EOTest,com.github.eirslett.maven.plugins.frontend.lib.PnpmInstaller_ESTest_run_03_identical_5_mpt_14616286289_EOTest",True
PnpmInstaller,PnpmInstaller_ESTest_run_01_identical_5_nous_14315702265_EOTest,nous,run_01,1,com.github.eirslett.maven.plugins.frontend.lib,39,22,60,46/118,9/41,9/15,mvn test-compile org.pitest:pitest-maven:mutationCoverage -DtargetClasses=com.github.eirslett.maven.plugins.frontend.lib.PnpmInstaller -DtargetTests=com.github.eirslett.maven.plugins.frontend.lib.PnpmInstaller_ESTest_run_01_identical_5_nous_14315702265_EOTest,True
PnpmInstaller,PnpmInstaller_ESTest_run_02_identical_5_nous_1437186739_EOTest,nous,run_02,1,com.github.eirslett.maven.plugins.frontend.lib,39,22,60,46/118,9/41,9/15,mvn test-compile org.pitest:pitest-maven:mutationCoverage -DtargetClasses=com.github.eirslett.maven.plugins.frontend.lib.PnpmInstaller -DtargetTests=com.github.eirslett.maven.plugins.frontend.lib.PnpmInstaller_ESTest_run_02_identical_5_nous_1437186739_EOTest,True
PnpmInstaller,PnpmInstaller_ESTest_run_02_identical_5_nous_1437186739_EOTest,nous,run_03,0,com.github.eirslett.maven.plugins.frontend.lib,0,0,0,0,0,0,mvn test-compile org.pitest:pitest-maven:mutationCoverage -DtargetClasses=com.github.eirslett.maven.plugins.frontend.lib.PnpmInstaller -DtargetTests=com.github.eirslett.maven.plugins.frontend.lib.PnpmInstaller_ESTest_run_02_identical_5_nous_1437186739_EOTest,False
PnpmInstaller,PnpmInstaller_ESTest_run_01_identical_5_vicuna_146835799_EOTest,vicuna,run_01,1,com.github.eirslett.maven.plugins.frontend.lib,1,0,100,1/118,0/41,0/0,mvn test-compile org.pitest:pitest-maven:mutationCoverage -DtargetClasses=com.github.eirslett.maven.plugins.frontend.lib.PnpmInstaller -DtargetTests=com.github.eirslett.maven.plugins.frontend.lib.PnpmInstaller_ESTest_run_01_identical_5_vicuna_146835799_EOTest,True
PnpmInstaller,PnpmInstaller_ESTest_run_02_identical_5_vicuna_1464453154_EOTest,vicuna,run_02,2,com.github.eirslett.maven.plugins.frontend.lib,9,5,100,11/118,2/41,2/2,"mvn test-compile org.pitest:pitest-maven:mutationCoverage -DtargetClasses=com.github.eirslett.maven.plugins.frontend.lib.PnpmInstaller -DtargetTests=com.github.eirslett.maven.plugins.frontend.lib.PnpmInstaller_ESTest_run_02_identical_5_vicuna_1323017775_EOTest,com.github.eirslett.maven.plugins.frontend.lib.PnpmInstaller_ESTest_run_02_identical_5_vicuna_1464453154_EOTest",True
PnpmInstaller,PnpmInstaller_ESTest_run_03_identical_5_vicuna_14614013813_EOTest,vicuna,run_03,1,com.github.eirslett.maven.plugins.frontend.lib,1,0,100,1/118,0/41,0/0,mvn test-compile org.pitest:pitest-maven:mutationCoverage -DtargetClasses=com.github.eirslett.maven.plugins.frontend.lib.PnpmInstaller -DtargetTests=com.github.eirslett.maven.plugins.frontend.lib.PnpmInstaller_ESTest_run_03_identical_5_vicuna_14614013813_EOTest,True
PnpmInstaller,PnpmInstaller_ESTest_run_03_identical_5_vicuna_14614013813_EOTest,wizlm,run_01,0,com.github.eirslett.maven.plugins.frontend.lib,0,0,0,0,0,0,mvn test-compile org.pitest:pitest-maven:mutationCoverage -DtargetClasses=com.github.eirslett.maven.plugins.frontend.lib.PnpmInstaller -DtargetTests=com.github.eirslett.maven.plugins.frontend.lib.PnpmInstaller_ESTest_run_03_identical_5_vicuna_14614013813_EOTest,False
PnpmInstaller,PnpmInstaller_ESTest_run_02_identical_5_wizlm_1362955618_EOTest,wizlm,run_02,1,com.github.eirslett.maven.plugins.frontend.lib,19,5,40,22/118,2/41,2/5,mvn test-compile org.pitest:pitest-maven:mutationCoverage -DtargetClasses=com.github.eirslett.maven.plugins.frontend.lib.PnpmInstaller -DtargetTests=com.github.eirslett.maven.plugins.frontend.lib.PnpmInstaller_ESTest_run_02_identical_5_wizlm_1362955618_EOTest,True
PnpmInstaller,PnpmInstaller_ESTest_run_03_identical_5_wizlm_13115145553_EOTest,wizlm,run_03,1,com.github.eirslett.maven.plugins.frontend.lib,12,7,75,14/118,3/41,3/4,mvn test-compile org.pitest:pitest-maven:mutationCoverage -DtargetClasses=com.github.eirslett.maven.plugins.frontend.lib.PnpmInstaller -DtargetTests=com.github.eirslett.maven.plugins.frontend.lib.PnpmInstaller_ESTest_run_03_identical_5_wizlm_13115145553_EOTest,True
PropertiesProviderUtils,PropertiesProviderUtils_ESTest_run_01_identical_5_ocra_102403888_EOTest,ocra,run_01,1,org.jsmart.zerocode.core.utils,25,7,33,7/28,1/15,1/3,mvn test-compile org.pitest:pitest-maven:mutationCoverage -DtargetClasses=org.jsmart.zerocode.core.utils.PropertiesProviderUtils -DtargetTests=org.jsmart.zerocode.core.utils.PropertiesProviderUtils_ESTest_run_01_identical_5_ocra_102403888_EOTest,True
PropertiesProviderUtils,PropertiesProviderUtils_ESTest_run_02_identical_5_ocra_101216294_EOTest,ocra,run_02,3,org.jsmart.zerocode.core.utils,25,7,33,7/28,1/15,1/3,"mvn test-compile org.pitest:pitest-maven:mutationCoverage -DtargetClasses=org.jsmart.zerocode.core.utils.PropertiesProviderUtils -DtargetTests=org.jsmart.zerocode.core.utils.PropertiesProviderUtils_ESTest_run_02_identical_5_ocra_156496889_EOTest,org.jsmart.zerocode.core.utils.PropertiesProviderUtils_ESTest_run_02_identical_5_ocra_39460899_EOTest,org.jsmart.zerocode.core.utils.PropertiesProviderUtils_ESTest_run_02_identical_5_ocra_101216294_EOTest",True
PropertiesProviderUtils,PropertiesProviderUtils_ESTest_run_03_identical_5_ocra_10227193_EOTest,ocra,run_03,1,org.jsmart.zerocode.core.utils,25,7,33,7/28,1/15,1/3,mvn test-compile org.pitest:pitest-maven:mutationCoverage -DtargetClasses=org.jsmart.zerocode.core.utils.PropertiesProviderUtils -DtargetTests=org.jsmart.zerocode.core.utils.PropertiesProviderUtils_ESTest_run_03_identical_5_ocra_10227193_EOTest,True
PropertiesProviderUtils,PropertiesProviderUtils_ESTest_run_01_identical_5_mpt_76248901_EOTest,mpt,run_01,5,org.jsmart.zerocode.core.utils,29,13,50,8/28,2/15,2/4,"mvn test-compile org.pitest:pitest-maven:mutationCoverage -DtargetClasses=org.jsmart.zerocode.core.utils.PropertiesProviderUtils -DtargetTests=org.jsmart.zerocode.core.utils.PropertiesProviderUtils_ESTest_run_01_identical_5_mpt_37960638_EOTest,org.jsmart.zerocode.core.utils.PropertiesProviderUtils_ESTest_run_01_identical_5_mpt_53506338_EOTest,org.jsmart.zerocode.core.utils.PropertiesProviderUtils_ESTest_run_01_identical_5_mpt_101703900_EOTest,org.jsmart.zerocode.core.utils.PropertiesProviderUtils_ESTest_run_01_identical_5_mpt_68405235_EOTest,org.jsmart.zerocode.core.utils.PropertiesProviderUtils_ESTest_run_01_identical_5_mpt_76248901_EOTest",True
PropertiesProviderUtils,PropertiesProviderUtils_ESTest_run_02_identical_5_mpt_109703032_EOTest,mpt,run_02,3,org.jsmart.zerocode.core.utils,29,13,50,8/28,2/15,2/4,"mvn test-compile org.pitest:pitest-maven:mutationCoverage -DtargetClasses=org.jsmart.zerocode.core.utils.PropertiesProviderUtils -DtargetTests=org.jsmart.zerocode.core.utils.PropertiesProviderUtils_ESTest_run_02_identical_5_mpt_59339470_EOTest,org.jsmart.zerocode.core.utils.PropertiesProviderUtils_ESTest_run_02_identical_5_mpt_313586893_EOTest,org.jsmart.zerocode.core.utils.PropertiesProviderUtils_ESTest_run_02_identical_5_mpt_109703032_EOTest",True
PropertiesProviderUtils,PropertiesProviderUtils_ESTest_run_03_identical_5_mpt_314413740_EOTest,mpt,run_03,2,org.jsmart.zerocode.core.utils,57,20,50,16/28,3/15,3/6,"mvn test-compile org.pitest:pitest-maven:mutationCoverage -DtargetClasses=org.jsmart.zerocode.core.utils.PropertiesProviderUtils -DtargetTests=org.jsmart.zerocode.core.utils.PropertiesProviderUtils_ESTest_run_03_identical_5_mpt_21432494_EOTest,org.jsmart.zerocode.core.utils.PropertiesProviderUtils_ESTest_run_03_identical_5_mpt_314413740_EOTest",True
PropertiesProviderUtils,PropertiesProviderUtils_ESTest_run_01_identical_5_nous_716617191_EOTest,nous,run_01,1,org.jsmart.zerocode.core.utils,7,0,0,2/28,0/15,0/1,mvn test-compile org.pitest:pitest-maven:mutationCoverage -DtargetClasses=org.jsmart.zerocode.core.utils.PropertiesProviderUtils -DtargetTests=org.jsmart.zerocode.core.utils.PropertiesProviderUtils_ESTest_run_01_identical_5_nous_716617191_EOTest,True
PropertiesProviderUtils,PropertiesProviderUtils_ESTest_run_02_identical_5_nous_75898256_EOTest,nous,run_02,3,org.jsmart.zerocode.core.utils,57,20,50,16/28,3/15,3/6,"mvn test-compile org.pitest:pitest-maven:mutationCoverage -DtargetClasses=org.jsmart.zerocode.core.utils.PropertiesProviderUtils -DtargetTests=org.jsmart.zerocode.core.utils.PropertiesProviderUtils_ESTest_run_02_identical_5_nous_210118694_EOTest,org.jsmart.zerocode.core.utils.PropertiesProviderUtils_ESTest_run_02_identical_5_nous_88837121_EOTest,org.jsmart.zerocode.core.utils.PropertiesProviderUtils_ESTest_run_02_identical_5_nous_75898256_EOTest",True
PropertiesProviderUtils,PropertiesProviderUtils_ESTest_run_03_identical_5_nous_210446702_EOTest,nous,run_03,2,org.jsmart.zerocode.core.utils,57,13,33,16/28,2/15,2/6,"mvn test-compile org.pitest:pitest-maven:mutationCoverage -DtargetClasses=org.jsmart.zerocode.core.utils.PropertiesProviderUtils -DtargetTests=org.jsmart.zerocode.core.utils.PropertiesProviderUtils_ESTest_run_03_identical_5_nous_7215677_EOTest,org.jsmart.zerocode.core.utils.PropertiesProviderUtils_ESTest_run_03_identical_5_nous_210446702_EOTest",True
PropertiesProviderUtils,PropertiesProviderUtils_ESTest_run_03_identical_5_nous_210446702_EOTest,vicuna,run_01,0,org.jsmart.zerocode.core.utils,0,0,0,0,0,0,"mvn test-compile org.pitest:pitest-maven:mutationCoverage -DtargetClasses=org.jsmart.zerocode.core.utils.PropertiesProviderUtils -DtargetTests=org.jsmart.zerocode.core.utils.PropertiesProviderUtils_ESTest_run_03_identical_5_nous_7215677_EOTest,org.jsmart.zerocode.core.utils.PropertiesProviderUtils_ESTest_run_03_identical_5_nous_210446702_EOTest",False
PropertiesProviderUtils,PropertiesProviderUtils_ESTest_run_03_identical_5_nous_210446702_EOTest,vicuna,run_02,0,org.jsmart.zerocode.core.utils,0,0,0,0,0,0,"mvn test-compile org.pitest:pitest-maven:mutationCoverage -DtargetClasses=org.jsmart.zerocode.core.utils.PropertiesProviderUtils -DtargetTests=org.jsmart.zerocode.core.utils.PropertiesProviderUtils_ESTest_run_03_identical_5_nous_7215677_EOTest,org.jsmart.zerocode.core.utils.PropertiesProviderUtils_ESTest_run_03_identical_5_nous_210446702_EOTest",False
PropertiesProviderUtils,PropertiesProviderUtils_ESTest_run_03_identical_5_nous_210446702_EOTest,vicuna,run_03,0,org.jsmart.zerocode.core.utils,0,0,0,0,0,0,"mvn test-compile org.pitest:pitest-maven:mutationCoverage -DtargetClasses=org.jsmart.zerocode.core.utils.PropertiesProviderUtils -DtargetTests=org.jsmart.zerocode.core.utils.PropertiesProviderUtils_ESTest_run_03_identical_5_nous_7215677_EOTest,org.jsmart.zerocode.core.utils.PropertiesProviderUtils_ESTest_run_03_identical_5_nous_210446702_EOTest",False
PropertiesProviderUtils,PropertiesProviderUtils_ESTest_run_01_identical_5_wizlm_514802229_EOTest,wizlm,run_01,5,org.jsmart.zerocode.core.utils,57,7,17,16/28,1/15,1/6,"mvn test-compile org.pitest:pitest-maven:mutationCoverage -DtargetClasses=org.jsmart.zerocode.core.utils.PropertiesProviderUtils -DtargetTests=org.jsmart.zerocode.core.utils.PropertiesProviderUtils_ESTest_run_01_identical_5_wizlm_86568202_EOTest,org.jsmart.zerocode.core.utils.PropertiesProviderUtils_ESTest_run_01_identical_5_wizlm_78644208_EOTest,org.jsmart.zerocode.core.utils.PropertiesProviderUtils_ESTest_run_01_identical_5_wizlm_1512817341_EOTest,org.jsmart.zerocode.core.utils.PropertiesProviderUtils_ESTest_run_01_identical_5_wizlm_1011856789_EOTest,org.jsmart.zerocode.core.utils.PropertiesProviderUtils_ESTest_run_01_identical_5_wizlm_514802229_EOTest",True
PropertiesProviderUtils,PropertiesProviderUtils_ESTest_run_02_identical_5_wizlm_158594900_EOTest,wizlm,run_02,4,org.jsmart.zerocode.core.utils,29,7,25,8/28,1/15,1/4,"mvn test-compile org.pitest:pitest-maven:mutationCoverage -DtargetClasses=org.jsmart.zerocode.core.utils.PropertiesProviderUtils -DtargetTests=org.jsmart.zerocode.core.utils.PropertiesProviderUtils_ESTest_run_02_identical_5_wizlm_1012652708_EOTest,org.jsmart.zerocode.core.utils.PropertiesProviderUtils_ESTest_run_02_identical_5_wizlm_59094979_EOTest,org.jsmart.zerocode.core.utils.PropertiesProviderUtils_ESTest_run_02_identical_5_wizlm_713850524_EOTest,org.jsmart.zerocode.core.utils.PropertiesProviderUtils_ESTest_run_02_identical_5_wizlm_158594900_EOTest",True
PropertiesProviderUtils,PropertiesProviderUtils_ESTest_run_03_identical_5_wizlm_514790721_EOTest,wizlm,run_03,5,org.jsmart.zerocode.core.utils,57,13,33,16/28,2/15,2/6,"mvn test-compile org.pitest:pitest-maven:mutationCoverage -DtargetClasses=org.jsmart.zerocode.core.utils.PropertiesProviderUtils -DtargetTests=org.jsmart.zerocode.core.utils.PropertiesProviderUtils_ESTest_run_03_identical_5_wizlm_1515210512_EOTest,org.jsmart.zerocode.core.utils.PropertiesProviderUtils_ESTest_run_03_identical_5_wizlm_1012819901_EOTest,org.jsmart.zerocode.core.utils.PropertiesProviderUtils_ESTest_run_03_identical_5_wizlm_85407668_EOTest,org.jsmart.zerocode.core.utils.PropertiesProviderUtils_ESTest_run_03_identical_5_wizlm_715730359_EOTest,org.jsmart.zerocode.core.utils.PropertiesProviderUtils_ESTest_run_03_identical_5_wizlm_514790721_EOTest",True
ResolutionCache,ResolutionCache_ESTest_run_01_identical_5_ocra_7514811157_EOTest,ocra,run_01,1,io.github.bonigarcia.wdm.cache,19,0,0,14/74,0/37,0/3,mvn test-compile org.pitest:pitest-maven:mutationCoverage -DtargetClasses=io.github.bonigarcia.wdm.cache.ResolutionCache -DtargetTests=io.github.bonigarcia.wdm.cache.ResolutionCache_ESTest_run_01_identical_5_ocra_7514811157_EOTest,True
ResolutionCache,ResolutionCache_ESTest_run_01_identical_5_ocra_7514811157_EOTest,ocra,run_02,0,io.github.bonigarcia.wdm.cache,0,0,0,0,0,0,mvn test-compile org.pitest:pitest-maven:mutationCoverage -DtargetClasses=io.github.bonigarcia.wdm.cache.ResolutionCache -DtargetTests=io.github.bonigarcia.wdm.cache.ResolutionCache_ESTest_run_01_identical_5_ocra_7514811157_EOTest,False
ResolutionCache,ResolutionCache_ESTest_run_01_identical_5_ocra_7514811157_EOTest,ocra,run_03,0,io.github.bonigarcia.wdm.cache,0,0,0,0,0,0,mvn test-compile org.pitest:pitest-maven:mutationCoverage -DtargetClasses=io.github.bonigarcia.wdm.cache.ResolutionCache -DtargetTests=io.github.bonigarcia.wdm.cache.ResolutionCache_ESTest_run_01_identical_5_ocra_7514811157_EOTest,False
ResolutionCache,ResolutionCache_ESTest_run_01_identical_5_mpt_764716611_EOTest,mpt,run_01,1,io.github.bonigarcia.wdm.cache,19,0,0,14/74,0/37,0/3,mvn test-compile org.pitest:pitest-maven:mutationCoverage -DtargetClasses=io.github.bonigarcia.wdm.cache.ResolutionCache -DtargetTests=io.github.bonigarcia.wdm.cache.ResolutionCache_ESTest_run_01_identical_5_mpt_764716611_EOTest,True
ResolutionCache,ResolutionCache_ESTest_run_02_identical_5_mpt_756914842_EOTest,mpt,run_02,1,io.github.bonigarcia.wdm.cache,19,0,0,14/74,0/37,0/3,mvn test-compile org.pitest:pitest-maven:mutationCoverage -DtargetClasses=io.github.bonigarcia.wdm.cache.ResolutionCache -DtargetTests=io.github.bonigarcia.wdm.cache.ResolutionCache_ESTest_run_02_identical_5_mpt_756914842_EOTest,True
ResolutionCache,ResolutionCache_ESTest_run_03_identical_5_mpt_759201744_EOTest,mpt,run_03,1,io.github.bonigarcia.wdm.cache,19,0,0,14/74,0/37,0/3,mvn test-compile org.pitest:pitest-maven:mutationCoverage -DtargetClasses=io.github.bonigarcia.wdm.cache.ResolutionCache -DtargetTests=io.github.bonigarcia.wdm.cache.ResolutionCache_ESTest_run_03_identical_5_mpt_759201744_EOTest,True
ResolutionCache,ResolutionCache_ESTest_run_01_identical_5_nous_7615100133_EOTest,nous,run_01,2,io.github.bonigarcia.wdm.cache,19,0,0,14/74,0/37,0/3,"mvn test-compile org.pitest:pitest-maven:mutationCoverage -DtargetClasses=io.github.bonigarcia.wdm.cache.ResolutionCache -DtargetTests=io.github.bonigarcia.wdm.cache.ResolutionCache_ESTest_run_01_identical_5_nous_7514503246_EOTest,io.github.bonigarcia.wdm.cache.ResolutionCache_ESTest_run_01_identical_5_nous_7615100133_EOTest",True
ResolutionCache,ResolutionCache_ESTest_run_02_identical_5_nous_761348509_EOTest,nous,run_02,2,io.github.bonigarcia.wdm.cache,19,0,0,14/74,0/37,0/3,"mvn test-compile org.pitest:pitest-maven:mutationCoverage -DtargetClasses=io.github.bonigarcia.wdm.cache.ResolutionCache -DtargetTests=io.github.bonigarcia.wdm.cache.ResolutionCache_ESTest_run_02_identical_5_nous_757572935_EOTest,io.github.bonigarcia.wdm.cache.ResolutionCache_ESTest_run_02_identical_5_nous_761348509_EOTest",True
ResolutionCache,ResolutionCache_ESTest_run_03_identical_5_nous_759131407_EOTest,nous,run_03,2,io.github.bonigarcia.wdm.cache,19,0,0,14/74,0/37,0/3,"mvn test-compile org.pitest:pitest-maven:mutationCoverage -DtargetClasses=io.github.bonigarcia.wdm.cache.ResolutionCache -DtargetTests=io.github.bonigarcia.wdm.cache.ResolutionCache_ESTest_run_03_identical_5_nous_76910758_EOTest,io.github.bonigarcia.wdm.cache.ResolutionCache_ESTest_run_03_identical_5_nous_759131407_EOTest",True
ResolutionCache,ResolutionCache_ESTest_run_01_identical_5_vicuna_755959288_EOTest,vicuna,run_01,2,io.github.bonigarcia.wdm.cache,19,0,0,14/74,0/37,0/3,"mvn test-compile org.pitest:pitest-maven:mutationCoverage -DtargetClasses=io.github.bonigarcia.wdm.cache.ResolutionCache -DtargetTests=io.github.bonigarcia.wdm.cache.ResolutionCache_ESTest_run_01_identical_5_vicuna_76249344_EOTest,io.github.bonigarcia.wdm.cache.ResolutionCache_ESTest_run_01_identical_5_vicuna_755959288_EOTest",True
ResolutionCache,ResolutionCache_ESTest_run_02_identical_5_vicuna_752354829_EOTest,vicuna,run_02,2,io.github.bonigarcia.wdm.cache,19,0,0,14/74,0/37,0/3,"mvn test-compile org.pitest:pitest-maven:mutationCoverage -DtargetClasses=io.github.bonigarcia.wdm.cache.ResolutionCache -DtargetTests=io.github.bonigarcia.wdm.cache.ResolutionCache_ESTest_run_02_identical_5_vicuna_762100432_EOTest,io.github.bonigarcia.wdm.cache.ResolutionCache_ESTest_run_02_identical_5_vicuna_752354829_EOTest",True
ResolutionCache,ResolutionCache_ESTest_run_03_identical_5_vicuna_756129407_EOTest,vicuna,run_03,2,io.github.bonigarcia.wdm.cache,19,0,0,14/74,0/37,0/3,"mvn test-compile org.pitest:pitest-maven:mutationCoverage -DtargetClasses=io.github.bonigarcia.wdm.cache.ResolutionCache -DtargetTests=io.github.bonigarcia.wdm.cache.ResolutionCache_ESTest_run_03_identical_5_vicuna_764036836_EOTest,io.github.bonigarcia.wdm.cache.ResolutionCache_ESTest_run_03_identical_5_vicuna_756129407_EOTest",True
ResolutionCache,ResolutionCache_ESTest_run_01_identical_5_wizlm_767699079_EOTest,wizlm,run_01,1,io.github.bonigarcia.wdm.cache,19,0,0,14/74,0/37,0/3,mvn test-compile org.pitest:pitest-maven:mutationCoverage -DtargetClasses=io.github.bonigarcia.wdm.cache.ResolutionCache -DtargetTests=io.github.bonigarcia.wdm.cache.ResolutionCache_ESTest_run_01_identical_5_wizlm_767699079_EOTest,True
ResolutionCache,ResolutionCache_ESTest_run_02_identical_5_wizlm_762352259_EOTest,wizlm,run_02,2,io.github.bonigarcia.wdm.cache,19,0,0,14/74,0/37,0/3,"mvn test-compile org.pitest:pitest-maven:mutationCoverage -DtargetClasses=io.github.bonigarcia.wdm.cache.ResolutionCache -DtargetTests=io.github.bonigarcia.wdm.cache.ResolutionCache_ESTest_run_02_identical_5_wizlm_7513798438_EOTest,io.github.bonigarcia.wdm.cache.ResolutionCache_ESTest_run_02_identical_5_wizlm_762352259_EOTest",True
ResolutionCache,ResolutionCache_ESTest_run_03_identical_5_wizlm_7612384811_EOTest,wizlm,run_03,1,io.github.bonigarcia.wdm.cache,19,0,0,14/74,0/37,0/3,mvn test-compile org.pitest:pitest-maven:mutationCoverage -DtargetClasses=io.github.bonigarcia.wdm.cache.ResolutionCache -DtargetTests=io.github.bonigarcia.wdm.cache.ResolutionCache_ESTest_run_03_identical_5_wizlm_7612384811_EOTest,True
Seekable,ResolutionCache_ESTest_run_03_identical_5_wizlm_7612384811_EOTest,ocra,run_01,0,org.bytedeco.javacv,0,0,0,0,0,0,mvn test-compile org.pitest:pitest-maven:mutationCoverage -DtargetClasses=io.github.bonigarcia.wdm.cache.ResolutionCache -DtargetTests=io.github.bonigarcia.wdm.cache.ResolutionCache_ESTest_run_03_identical_5_wizlm_7612384811_EOTest,False
Seekable,ResolutionCache_ESTest_run_03_identical_5_wizlm_7612384811_EOTest,ocra,run_02,0,org.bytedeco.javacv,0,0,0,0,0,0,mvn test-compile org.pitest:pitest-maven:mutationCoverage -DtargetClasses=io.github.bonigarcia.wdm.cache.ResolutionCache -DtargetTests=io.github.bonigarcia.wdm.cache.ResolutionCache_ESTest_run_03_identical_5_wizlm_7612384811_EOTest,False
Seekable,ResolutionCache_ESTest_run_03_identical_5_wizlm_7612384811_EOTest,ocra,run_03,0,org.bytedeco.javacv,0,0,0,0,0,0,mvn test-compile org.pitest:pitest-maven:mutationCoverage -DtargetClasses=io.github.bonigarcia.wdm.cache.ResolutionCache -DtargetTests=io.github.bonigarcia.wdm.cache.ResolutionCache_ESTest_run_03_identical_5_wizlm_7612384811_EOTest,False
Seekable,Seekable_ESTest_run_01_identical_5_mpt_6815883462_EOTest,mpt,run_01,1,org.bytedeco.javacv,0,0,0,0,0,0,mvn test-compile org.pitest:pitest-maven:mutationCoverage -DtargetClasses=org.bytedeco.javacv.Seekable -DtargetTests=org.bytedeco.javacv.Seekable_ESTest_run_01_identical_5_mpt_6815883462_EOTest,False
Seekable,Seekable_ESTest_run_01_identical_5_mpt_6815883462_EOTest,mpt,run_02,0,org.bytedeco.javacv,0,0,0,0,0,0,mvn test-compile org.pitest:pitest-maven:mutationCoverage -DtargetClasses=org.bytedeco.javacv.Seekable -DtargetTests=org.bytedeco.javacv.Seekable_ESTest_run_01_identical_5_mpt_6815883462_EOTest,False
Seekable,Seekable_ESTest_run_03_identical_5_mpt_689596565_EOTest,mpt,run_03,1,org.bytedeco.javacv,0,0,0,0,0,0,mvn test-compile org.pitest:pitest-maven:mutationCoverage -DtargetClasses=org.bytedeco.javacv.Seekable -DtargetTests=org.bytedeco.javacv.Seekable_ESTest_run_03_identical_5_mpt_689596565_EOTest,False
Seekable,Seekable_ESTest_run_01_identical_5_nous_68430600_EOTest,nous,run_01,2,org.bytedeco.javacv,0,0,0,0,0,0,"mvn test-compile org.pitest:pitest-maven:mutationCoverage -DtargetClasses=org.bytedeco.javacv.Seekable -DtargetTests=org.bytedeco.javacv.Seekable_ESTest_run_01_identical_5_nous_666151355_EOTest,org.bytedeco.javacv.Seekable_ESTest_run_01_identical_5_nous_68430600_EOTest",False
Seekable,Seekable_ESTest_run_02_identical_5_nous_689276054_EOTest,nous,run_02,2,org.bytedeco.javacv,0,0,0,0,0,0,"mvn test-compile org.pitest:pitest-maven:mutationCoverage -DtargetClasses=org.bytedeco.javacv.Seekable -DtargetTests=org.bytedeco.javacv.Seekable_ESTest_run_02_identical_5_nous_661437605_EOTest,org.bytedeco.javacv.Seekable_ESTest_run_02_identical_5_nous_689276054_EOTest",False
Seekable,Seekable_ESTest_run_03_identical_5_nous_665631554_EOTest,nous,run_03,2,org.bytedeco.javacv,0,0,0,0,0,0,"mvn test-compile org.pitest:pitest-maven:mutationCoverage -DtargetClasses=org.bytedeco.javacv.Seekable -DtargetTests=org.bytedeco.javacv.Seekable_ESTest_run_03_identical_5_nous_689097697_EOTest,org.bytedeco.javacv.Seekable_ESTest_run_03_identical_5_nous_665631554_EOTest",False
Seekable,Seekable_ESTest_run_01_identical_5_vicuna_686283631_EOTest,vicuna,run_01,1,org.bytedeco.javacv,0,0,0,0,0,0,mvn test-compile org.pitest:pitest-maven:mutationCoverage -DtargetClasses=org.bytedeco.javacv.Seekable -DtargetTests=org.bytedeco.javacv.Seekable_ESTest_run_01_identical_5_vicuna_686283631_EOTest,False
Seekable,Seekable_ESTest_run_02_identical_5_vicuna_681841560_EOTest,vicuna,run_02,1,org.bytedeco.javacv,0,0,0,0,0,0,mvn test-compile org.pitest:pitest-maven:mutationCoverage -DtargetClasses=org.bytedeco.javacv.Seekable -DtargetTests=org.bytedeco.javacv.Seekable_ESTest_run_02_identical_5_vicuna_681841560_EOTest,False
Seekable,Seekable_ESTest_run_03_identical_5_vicuna_67900582_EOTest,vicuna,run_03,2,org.bytedeco.javacv,0,0,0,0,0,0,"mvn test-compile org.pitest:pitest-maven:mutationCoverage -DtargetClasses=org.bytedeco.javacv.Seekable -DtargetTests=org.bytedeco.javacv.Seekable_ESTest_run_03_identical_5_vicuna_689038507_EOTest,org.bytedeco.javacv.Seekable_ESTest_run_03_identical_5_vicuna_67900582_EOTest",False
Seekable,Seekable_ESTest_run_01_identical_5_wizlm_659270125_EOTest,wizlm,run_01,1,org.bytedeco.javacv,0,0,0,0,0,0,mvn test-compile org.pitest:pitest-maven:mutationCoverage -DtargetClasses=org.bytedeco.javacv.Seekable -DtargetTests=org.bytedeco.javacv.Seekable_ESTest_run_01_identical_5_wizlm_659270125_EOTest,False
Seekable,Seekable_ESTest_run_01_identical_5_wizlm_659270125_EOTest,wizlm,run_02,0,org.bytedeco.javacv,0,0,0,0,0,0,mvn test-compile org.pitest:pitest-maven:mutationCoverage -DtargetClasses=org.bytedeco.javacv.Seekable -DtargetTests=org.bytedeco.javacv.Seekable_ESTest_run_01_identical_5_wizlm_659270125_EOTest,False
Seekable,Seekable_ESTest_run_01_identical_5_wizlm_659270125_EOTest,wizlm,run_03,0,org.bytedeco.javacv,0,0,0,0,0,0,mvn test-compile org.pitest:pitest-maven:mutationCoverage -DtargetClasses=org.bytedeco.javacv.Seekable -DtargetTests=org.bytedeco.javacv.Seekable_ESTest_run_01_identical_5_wizlm_659270125_EOTest,False
SeekableByteArrayOutputStream,SeekableByteArrayOutputStream_ESTest_run_01_identical_5_ocra_631538793_EOTest,ocra,run_01,1,org.bytedeco.javacv,31,31,100,5/16,5/16,5/5,mvn test-compile org.pitest:pitest-maven:mutationCoverage -DtargetClasses=org.bytedeco.javacv.SeekableByteArrayOutputStream -DtargetTests=org.bytedeco.javacv.SeekableByteArrayOutputStream_ESTest_run_01_identical_5_ocra_631538793_EOTest,True
SeekableByteArrayOutputStream,SeekableByteArrayOutputStream_ESTest_run_02_identical_5_ocra_539634005_EOTest,ocra,run_02,1,org.bytedeco.javacv,25,13,33,4/16,2/16,2/6,mvn test-compile org.pitest:pitest-maven:mutationCoverage -DtargetClasses=org.bytedeco.javacv.SeekableByteArrayOutputStream -DtargetTests=org.bytedeco.javacv.SeekableByteArrayOutputStream_ESTest_run_02_identical_5_ocra_539634005_EOTest,True
SeekableByteArrayOutputStream,SeekableByteArrayOutputStream_ESTest_run_02_identical_5_ocra_539634005_EOTest,ocra,run_03,0,org.bytedeco.javacv,0,0,0,0,0,0,mvn test-compile org.pitest:pitest-maven:mutationCoverage -DtargetClasses=org.bytedeco.javacv.SeekableByteArrayOutputStream -DtargetTests=org.bytedeco.javacv.SeekableByteArrayOutputStream_ESTest_run_02_identical_5_ocra_539634005_EOTest,False
SeekableByteArrayOutputStream,SeekableByteArrayOutputStream_ESTest_run_01_identical_5_mpt_627586597_EOTest,mpt,run_01,1,org.bytedeco.javacv,38,0,0,6/16,0/16,0/4,mvn test-compile org.pitest:pitest-maven:mutationCoverage -DtargetClasses=org.bytedeco.javacv.SeekableByteArrayOutputStream -DtargetTests=org.bytedeco.javacv.SeekableByteArrayOutputStream_ESTest_run_01_identical_5_mpt_627586597_EOTest,True
SeekableByteArrayOutputStream,SeekableByteArrayOutputStream_ESTest_run_01_identical_5_mpt_627586597_EOTest,mpt,run_02,0,org.bytedeco.javacv,0,0,0,0,0,0,mvn test-compile org.pitest:pitest-maven:mutationCoverage -DtargetClasses=org.bytedeco.javacv.SeekableByteArrayOutputStream -DtargetTests=org.bytedeco.javacv.SeekableByteArrayOutputStream_ESTest_run_01_identical_5_mpt_627586597_EOTest,False
SeekableByteArrayOutputStream,SeekableByteArrayOutputStream_ESTest_run_01_identical_5_mpt_627586597_EOTest,mpt,run_03,0,org.bytedeco.javacv,0,0,0,0,0,0,mvn test-compile org.pitest:pitest-maven:mutationCoverage -DtargetClasses=org.bytedeco.javacv.SeekableByteArrayOutputStream -DtargetTests=org.bytedeco.javacv.SeekableByteArrayOutputStream_ESTest_run_01_identical_5_mpt_627586597_EOTest,False
SeekableByteArrayOutputStream,SeekableByteArrayOutputStream_ESTest_run_01_identical_5_nous_6313969657_EOTest,nous,run_01,4,org.bytedeco.javacv,50,44,64,8/16,7/16,7/11,"mvn test-compile org.pitest:pitest-maven:mutationCoverage -DtargetClasses=org.bytedeco.javacv.SeekableByteArrayOutputStream -DtargetTests=org.bytedeco.javacv.SeekableByteArrayOutputStream_ESTest_run_01_identical_5_nous_5515382690_EOTest,org.bytedeco.javacv.SeekableByteArrayOutputStream_ESTest_run_01_identical_5_nous_5615961351_EOTest,org.bytedeco.javacv.SeekableByteArrayOutputStream_ESTest_run_01_identical_5_nous_573483975_EOTest,org.bytedeco.javacv.SeekableByteArrayOutputStream_ESTest_run_01_identical_5_nous_6313969657_EOTest",True
SeekableByteArrayOutputStream,SeekableByteArrayOutputStream_ESTest_run_02_identical_5_nous_5715765094_EOTest,nous,run_02,7,org.bytedeco.javacv,100,94,94,16/16,15/16,15/16,"mvn test-compile org.pitest:pitest-maven:mutationCoverage -DtargetClasses=org.bytedeco.javacv.SeekableByteArrayOutputStream -DtargetTests=org.bytedeco.javacv.SeekableByteArrayOutputStream_ESTest_run_02_identical_5_nous_538890989_EOTest,org.bytedeco.javacv.SeekableByteArrayOutputStream_ESTest_run_02_identical_5_nous_6315155644_EOTest,org.bytedeco.javacv.SeekableByteArrayOutputStream_ESTest_run_02_identical_5_nous_629855739_EOTest,org.bytedeco.javacv.SeekableByteArrayOutputStream_ESTest_run_02_identical_5_nous_515311091_EOTest,org.bytedeco.javacv.SeekableByteArrayOutputStream_ESTest_run_02_identical_5_nous_5613594613_EOTest,org.bytedeco.javacv.SeekableByteArrayOutputStream_ESTest_run_02_identical_5_nous_6011718370_EOTest,org.bytedeco.javacv.SeekableByteArrayOutputStream_ESTest_run_02_identical_5_nous_5715765094_EOTest",True
SeekableByteArrayOutputStream,SeekableByteArrayOutputStream_ESTest_run_03_identical_5_nous_637545507_EOTest,nous,run_03,3,org.bytedeco.javacv,50,44,64,8/16,7/16,7/11,"mvn test-compile org.pitest:pitest-maven:mutationCoverage -DtargetClasses=org.bytedeco.javacv.SeekableByteArrayOutputStream -DtargetTests=org.bytedeco.javacv.SeekableByteArrayOutputStream_ESTest_run_03_identical_5_nous_561547995_EOTest,org.bytedeco.javacv.SeekableByteArrayOutputStream_ESTest_run_03_identical_5_nous_576748797_EOTest,org.bytedeco.javacv.SeekableByteArrayOutputStream_ESTest_run_03_identical_5_nous_637545507_EOTest",True
SeekableByteArrayOutputStream,SeekableByteArrayOutputStream_ESTest_run_01_identical_5_vicuna_636323732_EOTest,vicuna,run_01,1,org.bytedeco.javacv,31,31,100,5/16,5/16,5/5,mvn test-compile org.pitest:pitest-maven:mutationCoverage -DtargetClasses=org.bytedeco.javacv.SeekableByteArrayOutputStream -DtargetTests=org.bytedeco.javacv.SeekableByteArrayOutputStream_ESTest_run_01_identical_5_vicuna_636323732_EOTest,True
SeekableByteArrayOutputStream,SeekableByteArrayOutputStream_ESTest_run_02_identical_5_vicuna_635483943_EOTest,vicuna,run_02,1,org.bytedeco.javacv,31,31,100,5/16,5/16,5/5,mvn test-compile org.pitest:pitest-maven:mutationCoverage -DtargetClasses=org.bytedeco.javacv.SeekableByteArrayOutputStream -DtargetTests=org.bytedeco.javacv.SeekableByteArrayOutputStream_ESTest_run_02_identical_5_vicuna_635483943_EOTest,True
SeekableByteArrayOutputStream,SeekableByteArrayOutputStream_ESTest_run_03_identical_5_vicuna_636999065_EOTest,vicuna,run_03,1,org.bytedeco.javacv,31,31,100,5/16,5/16,5/5,mvn test-compile org.pitest:pitest-maven:mutationCoverage -DtargetClasses=org.bytedeco.javacv.SeekableByteArrayOutputStream -DtargetTests=org.bytedeco.javacv.SeekableByteArrayOutputStream_ESTest_run_03_identical_5_vicuna_636999065_EOTest,True
SeekableByteArrayOutputStream,SeekableByteArrayOutputStream_ESTest_run_01_identical_5_wizlm_613154327_EOTest,wizlm,run_01,2,org.bytedeco.javacv,38,6,9,6/16,1/16,1/11,"mvn test-compile org.pitest:pitest-maven:mutationCoverage -DtargetClasses=org.bytedeco.javacv.SeekableByteArrayOutputStream -DtargetTests=org.bytedeco.javacv.SeekableByteArrayOutputStream_ESTest_run_01_identical_5_wizlm_558794625_EOTest,org.bytedeco.javacv.SeekableByteArrayOutputStream_ESTest_run_01_identical_5_wizlm_613154327_EOTest",True
SeekableByteArrayOutputStream,SeekableByteArrayOutputStream_ESTest_run_02_identical_5_wizlm_638443864_EOTest,wizlm,run_02,2,org.bytedeco.javacv,31,31,100,5/16,5/16,5/5,"mvn test-compile org.pitest:pitest-maven:mutationCoverage -DtargetClasses=org.bytedeco.javacv.SeekableByteArrayOutputStream -DtargetTests=org.bytedeco.javacv.SeekableByteArrayOutputStream_ESTest_run_02_identical_5_wizlm_6112561966_EOTest,org.bytedeco.javacv.SeekableByteArrayOutputStream_ESTest_run_02_identical_5_wizlm_638443864_EOTest",True
SeekableByteArrayOutputStream,SeekableByteArrayOutputStream_ESTest_run_03_identical_5_wizlm_5228839_EOTest,wizlm,run_03,2,org.bytedeco.javacv,63,38,67,10/16,6/16,6/9,"mvn test-compile org.pitest:pitest-maven:mutationCoverage -DtargetClasses=org.bytedeco.javacv.SeekableByteArrayOutputStream -DtargetTests=org.bytedeco.javacv.SeekableByteArrayOutputStream_ESTest_run_03_identical_5_wizlm_634415998_EOTest,org.bytedeco.javacv.SeekableByteArrayOutputStream_ESTest_run_03_identical_5_wizlm_5228839_EOTest",True
ZeroCodeAssertionsProcessor,ZeroCodeAssertionsProcessor_ESTest_run_01_identical_5_ocra_16499382_EOTest,ocra,run_01,1,org.jsmart.zerocode.core.engine.preprocessor,0,0,0,0,0,0,mvn test-compile org.pitest:pitest-maven:mutationCoverage -DtargetClasses=org.jsmart.zerocode.core.engine.preprocessor.ZeroCodeAssertionsProcessor -DtargetTests=org.jsmart.zerocode.core.engine.preprocessor.ZeroCodeAssertionsProcessor_ESTest_run_01_identical_5_ocra_16499382_EOTest,False
ZeroCodeAssertionsProcessor,ZeroCodeAssertionsProcessor_ESTest_run_01_identical_5_ocra_16499382_EOTest,ocra,run_02,0,org.jsmart.zerocode.core.engine.preprocessor,0,0,0,0,0,0,mvn test-compile org.pitest:pitest-maven:mutationCoverage -DtargetClasses=org.jsmart.zerocode.core.engine.preprocessor.ZeroCodeAssertionsProcessor -DtargetTests=org.jsmart.zerocode.core.engine.preprocessor.ZeroCodeAssertionsProcessor_ESTest_run_01_identical_5_ocra_16499382_EOTest,False
ZeroCodeAssertionsProcessor,ZeroCodeAssertionsProcessor_ESTest_run_03_identical_5_ocra_110418435_EOTest,ocra,run_03,1,org.jsmart.zerocode.core.engine.preprocessor,0,0,0,0,0,0,mvn test-compile org.pitest:pitest-maven:mutationCoverage -DtargetClasses=org.jsmart.zerocode.core.engine.preprocessor.ZeroCodeAssertionsProcessor -DtargetTests=org.jsmart.zerocode.core.engine.preprocessor.ZeroCodeAssertionsProcessor_ESTest_run_03_identical_5_ocra_110418435_EOTest,False
ZeroCodeAssertionsProcessor,ZeroCodeAssertionsProcessor_ESTest_run_01_identical_5_mpt_12413367_EOTest,mpt,run_01,1,org.jsmart.zerocode.core.engine.preprocessor,0,0,0,0,0,0,mvn test-compile org.pitest:pitest-maven:mutationCoverage -DtargetClasses=org.jsmart.zerocode.core.engine.preprocessor.ZeroCodeAssertionsProcessor -DtargetTests=org.jsmart.zerocode.core.engine.preprocessor.ZeroCodeAssertionsProcessor_ESTest_run_01_identical_5_mpt_12413367_EOTest,False
ZeroCodeAssertionsProcessor,ZeroCodeAssertionsProcessor_ESTest_run_02_identical_5_mpt_1295261_EOTest,mpt,run_02,1,org.jsmart.zerocode.core.engine.preprocessor,0,0,0,0,0,0,mvn test-compile org.pitest:pitest-maven:mutationCoverage -DtargetClasses=org.jsmart.zerocode.core.engine.preprocessor.ZeroCodeAssertionsProcessor -DtargetTests=org.jsmart.zerocode.core.engine.preprocessor.ZeroCodeAssertionsProcessor_ESTest_run_02_identical_5_mpt_1295261_EOTest,False
ZeroCodeAssertionsProcessor,ZeroCodeAssertionsProcessor_ESTest_run_03_identical_5_mpt_15207068_EOTest,mpt,run_03,1,org.jsmart.zerocode.core.engine.preprocessor,0,0,0,0,0,0,mvn test-compile org.pitest:pitest-maven:mutationCoverage -DtargetClasses=org.jsmart.zerocode.core.engine.preprocessor.ZeroCodeAssertionsProcessor -DtargetTests=org.jsmart.zerocode.core.engine.preprocessor.ZeroCodeAssertionsProcessor_ESTest_run_03_identical_5_mpt_15207068_EOTest,False
ZeroCodeAssertionsProcessor,ZeroCodeAssertionsProcessor_ESTest_run_03_identical_5_mpt_15207068_EOTest,nous,run_01,0,org.jsmart.zerocode.core.engine.preprocessor,0,0,0,0,0,0,mvn test-compile org.pitest:pitest-maven:mutationCoverage -DtargetClasses=org.jsmart.zerocode.core.engine.preprocessor.ZeroCodeAssertionsProcessor -DtargetTests=org.jsmart.zerocode.core.engine.preprocessor.ZeroCodeAssertionsProcessor_ESTest_run_03_identical_5_mpt_15207068_EOTest,False
ZeroCodeAssertionsProcessor,ZeroCodeAssertionsProcessor_ESTest_run_02_identical_5_nous_115148239_EOTest,nous,run_02,1,org.jsmart.zerocode.core.engine.preprocessor,0,0,0,0,0,0,mvn test-compile org.pitest:pitest-maven:mutationCoverage -DtargetClasses=org.jsmart.zerocode.core.engine.preprocessor.ZeroCodeAssertionsProcessor -DtargetTests=org.jsmart.zerocode.core.engine.preprocessor.ZeroCodeAssertionsProcessor_ESTest_run_02_identical_5_nous_115148239_EOTest,False
ZeroCodeAssertionsProcessor,ZeroCodeAssertionsProcessor_ESTest_run_03_identical_5_nous_18447725_EOTest,nous,run_03,1,org.jsmart.zerocode.core.engine.preprocessor,0,0,0,0,0,0,mvn test-compile org.pitest:pitest-maven:mutationCoverage -DtargetClasses=org.jsmart.zerocode.core.engine.preprocessor.ZeroCodeAssertionsProcessor -DtargetTests=org.jsmart.zerocode.core.engine.preprocessor.ZeroCodeAssertionsProcessor_ESTest_run_03_identical_5_nous_18447725_EOTest,False
ZeroCodeAssertionsProcessor,ZeroCodeAssertionsProcessor_ESTest_run_03_identical_5_nous_18447725_EOTest,vicuna,run_01,0,org.jsmart.zerocode.core.engine.preprocessor,0,0,0,0,0,0,mvn test-compile org.pitest:pitest-maven:mutationCoverage -DtargetClasses=org.jsmart.zerocode.core.engine.preprocessor.ZeroCodeAssertionsProcessor -DtargetTests=org.jsmart.zerocode.core.engine.preprocessor.ZeroCodeAssertionsProcessor_ESTest_run_03_identical_5_nous_18447725_EOTest,False
ZeroCodeAssertionsProcessor,ZeroCodeAssertionsProcessor_ESTest_run_03_identical_5_nous_18447725_EOTest,vicuna,run_02,0,org.jsmart.zerocode.core.engine.preprocessor,0,0,0,0,0,0,mvn test-compile org.pitest:pitest-maven:mutationCoverage -DtargetClasses=org.jsmart.zerocode.core.engine.preprocessor.ZeroCodeAssertionsProcessor -DtargetTests=org.jsmart.zerocode.core.engine.preprocessor.ZeroCodeAssertionsProcessor_ESTest_run_03_identical_5_nous_18447725_EOTest,False
ZeroCodeAssertionsProcessor,ZeroCodeAssertionsProcessor_ESTest_run_03_identical_5_nous_18447725_EOTest,vicuna,run_03,0,org.jsmart.zerocode.core.engine.preprocessor,0,0,0,0,0,0,mvn test-compile org.pitest:pitest-maven:mutationCoverage -DtargetClasses=org.jsmart.zerocode.core.engine.preprocessor.ZeroCodeAssertionsProcessor -DtargetTests=org.jsmart.zerocode.core.engine.preprocessor.ZeroCodeAssertionsProcessor_ESTest_run_03_identical_5_nous_18447725_EOTest,False
ZeroCodeAssertionsProcessor,ZeroCodeAssertionsProcessor_ESTest_run_01_identical_5_wizlm_14096456_EOTest,wizlm,run_01,1,org.jsmart.zerocode.core.engine.preprocessor,0,0,0,0,0,0,mvn test-compile org.pitest:pitest-maven:mutationCoverage -DtargetClasses=org.jsmart.zerocode.core.engine.preprocessor.ZeroCodeAssertionsProcessor -DtargetTests=org.jsmart.zerocode.core.engine.preprocessor.ZeroCodeAssertionsProcessor_ESTest_run_01_identical_5_wizlm_14096456_EOTest,False
ZeroCodeAssertionsProcessor,ZeroCodeAssertionsProcessor_ESTest_run_02_identical_5_wizlm_14221379_EOTest,wizlm,run_02,1,org.jsmart.zerocode.core.engine.preprocessor,0,0,0,0,0,0,mvn test-compile org.pitest:pitest-maven:mutationCoverage -DtargetClasses=org.jsmart.zerocode.core.engine.preprocessor.ZeroCodeAssertionsProcessor -DtargetTests=org.jsmart.zerocode.core.engine.preprocessor.ZeroCodeAssertionsProcessor_ESTest_run_02_identical_5_wizlm_14221379_EOTest,False
ZeroCodeAssertionsProcessor,ZeroCodeAssertionsProcessor_ESTest_run_03_identical_5_wizlm_12658693_EOTest,wizlm,run_03,1,org.jsmart.zerocode.core.engine.preprocessor,0,0,0,0,0,0,mvn test-compile org.pitest:pitest-maven:mutationCoverage -DtargetClasses=org.jsmart.zerocode.core.engine.preprocessor.ZeroCodeAssertionsProcessor -DtargetTests=org.jsmart.zerocode.core.engine.preprocessor.ZeroCodeAssertionsProcessor_ESTest_run_03_identical_5_wizlm_12658693_EOTest,False
ZerocodeCorrelationshipLogger,ZeroCodeAssertionsProcessor_ESTest_run_03_identical_5_wizlm_12658693_EOTest,ocra,run_01,0,org.jsmart.zerocode.core.logbuilder,0,0,0,0,0,0,mvn test-compile org.pitest:pitest-maven:mutationCoverage -DtargetClasses=org.jsmart.zerocode.core.engine.preprocessor.ZeroCodeAssertionsProcessor -DtargetTests=org.jsmart.zerocode.core.engine.preprocessor.ZeroCodeAssertionsProcessor_ESTest_run_03_identical_5_wizlm_12658693_EOTest,False
ZerocodeCorrelationshipLogger,ZeroCodeAssertionsProcessor_ESTest_run_03_identical_5_wizlm_12658693_EOTest,ocra,run_02,0,org.jsmart.zerocode.core.logbuilder,0,0,0,0,0,0,mvn test-compile org.pitest:pitest-maven:mutationCoverage -DtargetClasses=org.jsmart.zerocode.core.engine.preprocessor.ZeroCodeAssertionsProcessor -DtargetTests=org.jsmart.zerocode.core.engine.preprocessor.ZeroCodeAssertionsProcessor_ESTest_run_03_identical_5_wizlm_12658693_EOTest,False
ZerocodeCorrelationshipLogger,ZerocodeCorrelationshipLogger_ESTest_run_03_identical_5_ocra_241451349_EOTest,ocra,run_03,1,org.jsmart.zerocode.core.logbuilder,3,5,50,2/58,1/21,1/2,mvn test-compile org.pitest:pitest-maven:mutationCoverage -DtargetClasses=org.jsmart.zerocode.core.logbuilder.ZerocodeCorrelationshipLogger -DtargetTests=org.jsmart.zerocode.core.logbuilder.ZerocodeCorrelationshipLogger_ESTest_run_03_identical_5_ocra_241451349_EOTest,True
ZerocodeCorrelationshipLogger,ZerocodeCorrelationshipLogger_ESTest_run_01_identical_5_mpt_206205730_EOTest,mpt,run_01,2,org.jsmart.zerocode.core.logbuilder,57,10,22,33/58,2/21,2/9,"mvn test-compile org.pitest:pitest-maven:mutationCoverage -DtargetClasses=org.jsmart.zerocode.core.logbuilder.ZerocodeCorrelationshipLogger -DtargetTests=org.jsmart.zerocode.core.logbuilder.ZerocodeCorrelationshipLogger_ESTest_run_01_identical_5_mpt_3016470594_EOTest,org.jsmart.zerocode.core.logbuilder.ZerocodeCorrelationshipLogger_ESTest_run_01_identical_5_mpt_206205730_EOTest",True
ZerocodeCorrelationshipLogger,ZerocodeCorrelationshipLogger_ESTest_run_02_identical_5_mpt_1811311347_EOTest,mpt,run_02,1,org.jsmart.zerocode.core.logbuilder,52,10,29,30/58,2/21,2/7,mvn test-compile org.pitest:pitest-maven:mutationCoverage -DtargetClasses=org.jsmart.zerocode.core.logbuilder.ZerocodeCorrelationshipLogger -DtargetTests=org.jsmart.zerocode.core.logbuilder.ZerocodeCorrelationshipLogger_ESTest_run_02_identical_5_mpt_1811311347_EOTest,True
ZerocodeCorrelationshipLogger,ZerocodeCorrelationshipLogger_ESTest_run_02_identical_5_mpt_1811311347_EOTest,mpt,run_03,0,org.jsmart.zerocode.core.logbuilder,0,0,0,0,0,0,mvn test-compile org.pitest:pitest-maven:mutationCoverage -DtargetClasses=org.jsmart.zerocode.core.logbuilder.ZerocodeCorrelationshipLogger -DtargetTests=org.jsmart.zerocode.core.logbuilder.ZerocodeCorrelationshipLogger_ESTest_run_02_identical_5_mpt_1811311347_EOTest,False
ZerocodeCorrelationshipLogger,ZerocodeCorrelationshipLogger_ESTest_run_01_identical_5_nous_271674728_EOTest,nous,run_01,7,org.jsmart.zerocode.core.logbuilder,83,29,38,48/58,6/21,6/16,"mvn test-compile org.pitest:pitest-maven:mutationCoverage -DtargetClasses=org.jsmart.zerocode.core.logbuilder.ZerocodeCorrelationshipLogger -DtargetTests=org.jsmart.zerocode.core.logbuilder.ZerocodeCorrelationshipLogger_ESTest_run_01_identical_5_nous_167772247_EOTest,org.jsmart.zerocode.core.logbuilder.ZerocodeCorrelationshipLogger_ESTest_run_01_identical_5_nous_3113600773_EOTest,org.jsmart.zerocode.core.logbuilder.ZerocodeCorrelationshipLogger_ESTest_run_01_identical_5_nous_181003681_EOTest,org.jsmart.zerocode.core.logbuilder.ZerocodeCorrelationshipLogger_ESTest_run_01_identical_5_nous_2013388616_EOTest,org.jsmart.zerocode.core.logbuilder.ZerocodeCorrelationshipLogger_ESTest_run_01_identical_5_nous_2612532756_EOTest,org.jsmart.zerocode.core.logbuilder.ZerocodeCorrelationshipLogger_ESTest_run_01_identical_5_nous_368557844_EOTest,org.jsmart.zerocode.core.logbuilder.ZerocodeCorrelationshipLogger_ESTest_run_01_identical_5_nous_271674728_EOTest",True
ZerocodeCorrelationshipLogger,ZerocodeCorrelationshipLogger_ESTest_run_02_identical_5_nous_3610766659_EOTest,nous,run_02,5,org.jsmart.zerocode.core.logbuilder,83,24,29,48/58,5/21,5/17,"mvn test-compile org.pitest:pitest-maven:mutationCoverage -DtargetClasses=org.jsmart.zerocode.core.logbuilder.ZerocodeCorrelationshipLogger -DtargetTests=org.jsmart.zerocode.core.logbuilder.ZerocodeCorrelationshipLogger_ESTest_run_02_identical_5_nous_314384389_EOTest,org.jsmart.zerocode.core.logbuilder.ZerocodeCorrelationshipLogger_ESTest_run_02_identical_5_nous_353309713_EOTest,org.jsmart.zerocode.core.logbuilder.ZerocodeCorrelationshipLogger_ESTest_run_02_identical_5_nous_278949818_EOTest,org.jsmart.zerocode.core.logbuilder.ZerocodeCorrelationshipLogger_ESTest_run_02_identical_5_nous_162705308_EOTest,org.jsmart.zerocode.core.logbuilder.ZerocodeCorrelationshipLogger_ESTest_run_02_identical_5_nous_3610766659_EOTest",True
ZerocodeCorrelationshipLogger,ZerocodeCorrelationshipLogger_ESTest_run_03_identical_5_nous_2716522053_EOTest,nous,run_03,9,org.jsmart.zerocode.core.logbuilder,86,24,28,50/58,5/21,5/18,"mvn test-compile org.pitest:pitest-maven:mutationCoverage -DtargetClasses=org.jsmart.zerocode.core.logbuilder.ZerocodeCorrelationshipLogger -DtargetTests=org.jsmart.zerocode.core.logbuilder.ZerocodeCorrelationshipLogger_ESTest_run_03_identical_5_nous_1613861214_EOTest,org.jsmart.zerocode.core.logbuilder.ZerocodeCorrelationshipLogger_ESTest_run_03_identical_5_nous_185489643_EOTest,org.jsmart.zerocode.core.logbuilder.ZerocodeCorrelationshipLogger_ESTest_run_03_identical_5_nous_1713992085_EOTest,org.jsmart.zerocode.core.logbuilder.ZerocodeCorrelationshipLogger_ESTest_run_03_identical_5_nous_358784822_EOTest,org.jsmart.zerocode.core.logbuilder.ZerocodeCorrelationshipLogger_ESTest_run_03_identical_5_nous_303584500_EOTest,org.jsmart.zerocode.core.logbuilder.ZerocodeCorrelationshipLogger_ESTest_run_03_identical_5_nous_311692903_EOTest,org.jsmart.zerocode.core.logbuilder.ZerocodeCorrelationshipLogger_ESTest_run_03_identical_5_nous_369970928_EOTest,org.jsmart.zerocode.core.logbuilder.ZerocodeCorrelationshipLogger_ESTest_run_03_identical_5_nous_2015513175_EOTest,org.jsmart.zerocode.core.logbuilder.ZerocodeCorrelationshipLogger_ESTest_run_03_identical_5_nous_2716522053_EOTest",True
ZerocodeCorrelationshipLogger,ZerocodeCorrelationshipLogger_ESTest_run_03_identical_5_nous_2716522053_EOTest,vicuna,run_01,0,org.jsmart.zerocode.core.logbuilder,0,0,0,0,0,0,"mvn test-compile org.pitest:pitest-maven:mutationCoverage -DtargetClasses=org.jsmart.zerocode.core.logbuilder.ZerocodeCorrelationshipLogger -DtargetTests=org.jsmart.zerocode.core.logbuilder.ZerocodeCorrelationshipLogger_ESTest_run_03_identical_5_nous_1613861214_EOTest,org.jsmart.zerocode.core.logbuilder.ZerocodeCorrelationshipLogger_ESTest_run_03_identical_5_nous_185489643_EOTest,org.jsmart.zerocode.core.logbuilder.ZerocodeCorrelationshipLogger_ESTest_run_03_identical_5_nous_1713992085_EOTest,org.jsmart.zerocode.core.logbuilder.ZerocodeCorrelationshipLogger_ESTest_run_03_identical_5_nous_358784822_EOTest,org.jsmart.zerocode.core.logbuilder.ZerocodeCorrelationshipLogger_ESTest_run_03_identical_5_nous_303584500_EOTest,org.jsmart.zerocode.core.logbuilder.ZerocodeCorrelationshipLogger_ESTest_run_03_identical_5_nous_311692903_EOTest,org.jsmart.zerocode.core.logbuilder.ZerocodeCorrelationshipLogger_ESTest_run_03_identical_5_nous_369970928_EOTest,org.jsmart.zerocode.core.logbuilder.ZerocodeCorrelationshipLogger_ESTest_run_03_identical_5_nous_2015513175_EOTest,org.jsmart.zerocode.core.logbuilder.ZerocodeCorrelationshipLogger_ESTest_run_03_identical_5_nous_2716522053_EOTest",False
ZerocodeCorrelationshipLogger,ZerocodeCorrelationshipLogger_ESTest_run_03_identical_5_nous_2716522053_EOTest,vicuna,run_02,0,org.jsmart.zerocode.core.logbuilder,0,0,0,0,0,0,"mvn test-compile org.pitest:pitest-maven:mutationCoverage -DtargetClasses=org.jsmart.zerocode.core.logbuilder.ZerocodeCorrelationshipLogger -DtargetTests=org.jsmart.zerocode.core.logbuilder.ZerocodeCorrelationshipLogger_ESTest_run_03_identical_5_nous_1613861214_EOTest,org.jsmart.zerocode.core.logbuilder.ZerocodeCorrelationshipLogger_ESTest_run_03_identical_5_nous_185489643_EOTest,org.jsmart.zerocode.core.logbuilder.ZerocodeCorrelationshipLogger_ESTest_run_03_identical_5_nous_1713992085_EOTest,org.jsmart.zerocode.core.logbuilder.ZerocodeCorrelationshipLogger_ESTest_run_03_identical_5_nous_358784822_EOTest,org.jsmart.zerocode.core.logbuilder.ZerocodeCorrelationshipLogger_ESTest_run_03_identical_5_nous_303584500_EOTest,org.jsmart.zerocode.core.logbuilder.ZerocodeCorrelationshipLogger_ESTest_run_03_identical_5_nous_311692903_EOTest,org.jsmart.zerocode.core.logbuilder.ZerocodeCorrelationshipLogger_ESTest_run_03_identical_5_nous_369970928_EOTest,org.jsmart.zerocode.core.logbuilder.ZerocodeCorrelationshipLogger_ESTest_run_03_identical_5_nous_2015513175_EOTest,org.jsmart.zerocode.core.logbuilder.ZerocodeCorrelationshipLogger_ESTest_run_03_identical_5_nous_2716522053_EOTest",False
ZerocodeCorrelationshipLogger,ZerocodeCorrelationshipLogger_ESTest_run_03_identical_5_nous_2716522053_EOTest,vicuna,run_03,0,org.jsmart.zerocode.core.logbuilder,0,0,0,0,0,0,"mvn test-compile org.pitest:pitest-maven:mutationCoverage -DtargetClasses=org.jsmart.zerocode.core.logbuilder.ZerocodeCorrelationshipLogger -DtargetTests=org.jsmart.zerocode.core.logbuilder.ZerocodeCorrelationshipLogger_ESTest_run_03_identical_5_nous_1613861214_EOTest,org.jsmart.zerocode.core.logbuilder.ZerocodeCorrelationshipLogger_ESTest_run_03_identical_5_nous_185489643_EOTest,org.jsmart.zerocode.core.logbuilder.ZerocodeCorrelationshipLogger_ESTest_run_03_identical_5_nous_1713992085_EOTest,org.jsmart.zerocode.core.logbuilder.ZerocodeCorrelationshipLogger_ESTest_run_03_identical_5_nous_358784822_EOTest,org.jsmart.zerocode.core.logbuilder.ZerocodeCorrelationshipLogger_ESTest_run_03_identical_5_nous_303584500_EOTest,org.jsmart.zerocode.core.logbuilder.ZerocodeCorrelationshipLogger_ESTest_run_03_identical_5_nous_311692903_EOTest,org.jsmart.zerocode.core.logbuilder.ZerocodeCorrelationshipLogger_ESTest_run_03_identical_5_nous_369970928_EOTest,org.jsmart.zerocode.core.logbuilder.ZerocodeCorrelationshipLogger_ESTest_run_03_identical_5_nous_2015513175_EOTest,org.jsmart.zerocode.core.logbuilder.ZerocodeCorrelationshipLogger_ESTest_run_03_identical_5_nous_2716522053_EOTest",False
ZerocodeCorrelationshipLogger,ZerocodeCorrelationshipLogger_ESTest_run_01_identical_5_wizlm_3211858328_EOTest,wizlm,run_01,4,org.jsmart.zerocode.core.logbuilder,55,24,36,32/58,5/21,5/14,"mvn test-compile org.pitest:pitest-maven:mutationCoverage -DtargetClasses=org.jsmart.zerocode.core.logbuilder.ZerocodeCorrelationshipLogger -DtargetTests=org.jsmart.zerocode.core.logbuilder.ZerocodeCorrelationshipLogger_ESTest_run_01_identical_5_wizlm_163394731_EOTest,org.jsmart.zerocode.core.logbuilder.ZerocodeCorrelationshipLogger_ESTest_run_01_identical_5_wizlm_238872877_EOTest,org.jsmart.zerocode.core.logbuilder.ZerocodeCorrelationshipLogger_ESTest_run_01_identical_5_wizlm_191439874_EOTest,org.jsmart.zerocode.core.logbuilder.ZerocodeCorrelationshipLogger_ESTest_run_01_identical_5_wizlm_3211858328_EOTest",True
ZerocodeCorrelationshipLogger,ZerocodeCorrelationshipLogger_ESTest_run_02_identical_5_wizlm_3212494170_EOTest,wizlm,run_02,4,org.jsmart.zerocode.core.logbuilder,50,33,58,29/58,7/21,7/12,"mvn test-compile org.pitest:pitest-maven:mutationCoverage -DtargetClasses=org.jsmart.zerocode.core.logbuilder.ZerocodeCorrelationshipLogger -DtargetTests=org.jsmart.zerocode.core.logbuilder.ZerocodeCorrelationshipLogger_ESTest_run_02_identical_5_wizlm_196201531_EOTest,org.jsmart.zerocode.core.logbuilder.ZerocodeCorrelationshipLogger_ESTest_run_02_identical_5_wizlm_252662347_EOTest,org.jsmart.zerocode.core.logbuilder.ZerocodeCorrelationshipLogger_ESTest_run_02_identical_5_wizlm_1613527135_EOTest,org.jsmart.zerocode.core.logbuilder.ZerocodeCorrelationshipLogger_ESTest_run_02_identical_5_wizlm_3212494170_EOTest",True
ZerocodeCorrelationshipLogger,ZerocodeCorrelationshipLogger_ESTest_run_03_identical_5_wizlm_167423565_EOTest,wizlm,run_03,5,org.jsmart.zerocode.core.logbuilder,53,29,43,31/58,6/21,6/14,"mvn test-compile org.pitest:pitest-maven:mutationCoverage -DtargetClasses=org.jsmart.zerocode.core.logbuilder.ZerocodeCorrelationshipLogger -DtargetTests=org.jsmart.zerocode.core.logbuilder.ZerocodeCorrelationshipLogger_ESTest_run_03_identical_5_wizlm_195965699_EOTest,org.jsmart.zerocode.core.logbuilder.ZerocodeCorrelationshipLogger_ESTest_run_03_identical_5_wizlm_281247866_EOTest,org.jsmart.zerocode.core.logbuilder.ZerocodeCorrelationshipLogger_ESTest_run_03_identical_5_wizlm_2015932091_EOTest,org.jsmart.zerocode.core.logbuilder.ZerocodeCorrelationshipLogger_ESTest_run_03_identical_5_wizlm_2510459635_EOTest,org.jsmart.zerocode.core.logbuilder.ZerocodeCorrelationshipLogger_ESTest_run_03_identical_5_wizlm_167423565_EOTest",True
